/*!40101 SET @OLD_CHARACTER_SET_CLIENT=@@CHARACTER_SET_CLIENT */;
/*!40101 SET NAMES utf8 */;
/*!50503 SET NAMES utf8mb4 */;
/*!40103 SET @OLD_TIME_ZONE=@@TIME_ZONE */;
/*!40103 SET TIME_ZONE='+00:00' */;
/*!40014 SET @OLD_FOREIGN_KEY_CHECKS=@@FOREIGN_KEY_CHECKS, FOREIGN_KEY_CHECKS=0 */;
/*!40101 SET @OLD_SQL_MODE=@@SQL_MODE, SQL_MODE='NO_AUTO_VALUE_ON_ZERO' */;
/*!40111 SET @OLD_SQL_NOTES=@@SQL_NOTES, SQL_NOTES=0 */;

INSERT INTO `circuito` (`id`, `nome`, `setor_id`, `velocidade_id`, `active`, `data_ativacao`, `data_cancelamento`, `status`, `sigla`, `endereco`, `SEI`, `updated_by`, `updated_by_name`, `created_by`, `created_by_name`, `deleted_at`, `created_at`, `updated_at`) VALUES
	(1, 'RJO/IP/34685', 1, 1, 1, '2021-06-17', '2024-07-31', 'Ativo', 'CICC', 'R. Carmo Neto, s/n - Cidade Nova (RJ)', NULL, '7', 'Carla Basso', '3', 'Artur', '2024-07-25 15:41:50', '2024-07-04 11:13:27', '2024-07-25 15:41:50'),
	(2, 'RJO/IP/34737', 1, 1, 1, '2021-06-17', NULL, 'Ativo', 'CICC', 'R. Carmo Neto, s/n - Cidade Nova (RJ)', '430002/001051/2024', '7', 'Carla Basso', '3', 'Artur', NULL, '2024-07-05 16:14:54', '2024-10-10 10:11:18'),
	(3, 'RJO CRH RJO J3O DP*V 0003', 1, 2, 1, '2023-04-20', NULL, 'Ativo', 'CICC', 'R. Carmo Neto, s/n - Cidade Nova (RJ)', '430002/001051/2024', '7', 'Carla Basso', '3', 'Artur', NULL, '2024-07-05 16:16:18', '2024-10-10 10:10:08'),
	(4, 'RJO CRH RJO J3O DP*V 0003', 1, 2, 1, '2023-04-20', NULL, 'Ativo', 'UERJ', 'R. São Francisco Xavier, 524 - Maracanã (RJ)', '430002/001051/2024', '7', 'Carla Basso', '3', 'Artur', NULL, '2024-07-05 16:16:32', '2024-10-10 10:10:16'),
	(5, 'RJO CRH RJO J3O DP*V 0001', 1, 2, 1, '2023-04-20', NULL, 'Ativo', 'CICC', 'R. Carmo Neto, s/n - Cidade Nova (RJ)', '430002/001051/2024', '7', 'Carla Basso', '3', 'Artur', NULL, '2024-07-05 16:16:57', '2024-10-10 10:09:22'),
	(6, 'RJO CRH RJO J3O DP*V 0001', 1, 3, 1, '2023-04-20', NULL, 'Ativo', 'UERJ', 'R. São Francisco Xavier, 524 - Maracanã (RJ)', '430002/001051/2024', '7', 'Carla Basso', '3', 'Artur', NULL, '2024-07-05 16:17:13', '2024-10-10 10:09:33'),
	(7, 'RJO/IP/34681', 1, 4, 1, '2021-08-31', NULL, 'Ativo', 'SEDE', 'Av. Presidente Vargas, 417 - 24º e 25º - Centro (RJ)', '430002/001051/2024', '7', 'Carla Basso', '3', 'Artur', NULL, '2024-07-05 16:18:52', '2024-10-10 10:10:26'),
	(8, 'RJO/IP/34682', 1, 4, 1, '2021-08-31', NULL, 'Ativo', 'SEDE', 'Av. Presidente Vargas, 417 - 24º e 25º - Centro (RJ)', '430002/001051/2024', '7', 'Carla Basso', '3', 'Artur', NULL, '2024-07-05 16:19:17', '2024-10-10 10:10:35'),
	(9, 'RJO/IP/34693', 1, 6, 1, '2021-07-27', NULL, 'Ativo', 'CICC', 'R. Carmo Neto, s/n - Cidade Nova (RJ)', '430002/001051/2024', '7', 'Carla Basso', '7', 'Carla Basso', NULL, '2024-07-05 16:31:24', '2024-10-10 10:10:57'),
	(10, 'RJO/IP/34694', 1, 6, 1, '2021-07-27', NULL, 'Ativo', 'CICC', 'R. Carmo Neto, s/n - Cidade Nova (RJ)', '430002/001051/2024', '7', 'Carla Basso', '7', 'Carla Basso', NULL, '2024-07-05 16:31:52', '2024-10-10 10:11:08'),
	(11, 'RJO/IP/38570', 1, 8, 1, '2023-05-25', NULL, 'Ativo', 'SEDE', 'Av. Presidente Vargas, 417 - 24º e 25º - Centro (RJ)', '430002/001051/2024', '7', 'Carla Basso', '7', 'Carla Basso', NULL, '2024-07-05 16:32:45', '2024-10-10 10:12:12'),
	(12, 'RJO/IP/37762', 1, 1, 1, '2023-03-08', NULL, 'Ativo', 'UERJ', 'R. São Francisco Xavier, 524 - Maracanã (RJ)', '430002/001051/2024', '7', 'Carla Basso', '7', 'Carla Basso', NULL, '2024-07-05 16:55:26', '2024-10-10 10:12:00'),
	(13, 'RJO/IP/37753', 1, 1, 1, '2023-03-08', NULL, 'Ativo', 'UERJ', 'R. São Francisco Xavier, 524 - Maracanã (RJ)', '430002/001051/2024', '7', 'Carla Basso', '7', 'Carla Basso', NULL, '2024-07-05 16:56:36', '2024-10-10 10:11:29'),
	(14, 'RJO/IP/37755', 1, 6, 1, '2023-03-08', NULL, 'Ativo', 'UERJ', 'R. São Francisco Xavier, 524 - Maracanã (RJ)', '430002/001051/2024', '7', 'Carla Basso', '7', 'Carla Basso', NULL, '2024-07-05 16:59:53', '2024-10-10 10:11:39'),
	(15, 'RJO/IP/37758', 1, 6, 1, '2023-02-28', NULL, 'Ativo', 'UERJ', 'R. São Francisco Xavier, 524 - Maracanã (RJ)', '430002/001051/2024', '7', 'Carla Basso', '7', 'Carla Basso', NULL, '2024-07-05 17:00:38', '2024-10-10 10:11:50'),
	(16, 'RJO/IP/34683', 1, 10, 1, '2021-06-16', NULL, 'Ativo', 'ALERJ', 'R. da Ajuda, 5 - Centro (RJ)', '430002/001051/2024', '7', 'Carla Basso', '7', 'Carla Basso', NULL, '2024-07-05 17:07:54', '2024-10-09 14:53:45'),
	(17, 'RJO/IP/40820', 7, 22, 1, NULL, NULL, 'Pendente', 'SEDE', 'Av. Nossa Senhora de Copacabana, 493, 7º Andar – Copacabana (RJ)', '100001/002520/2023', '7', 'Carla Basso', '7', 'Carla Basso', NULL, '2024-07-09 16:48:45', '2024-10-30 15:20:22'),
	(18, 'CPS/IP/05192', 14, 11, 1, '2024-05-24', NULL, 'Ativo', 'CPS', 'Av. Francisco Lamego, 134 - Pq. Jardim Carioca (Campos dos Goytacazes)', '020002/000096/2024', '7', 'Carla Basso', '7', 'Carla Basso', NULL, '2024-07-10 11:10:10', '2024-10-09 14:54:42'),
	(19, 'BPI/IP/00371', 14, 11, 1, '2024-05-14', NULL, 'Ativo', 'BPI', 'Rua Moreira dos Santos, 1042 - Centro (Barra do Piraí)', '020002/000096/2024', '7', 'Carla Basso', '7', 'Carla Basso', NULL, '2024-07-10 11:13:45', '2024-10-09 14:54:33'),
	(20, 'RJO/IP/39551', 16, 37, 1, '2024-02-16', NULL, 'Ativo', 'RJO - Rio Comprido', 'R. Barão de Itapagipe, 225 - Rio Comprido (RJ)', '080007/013238/2023', '7', 'Carla Basso', '7', 'Carla Basso', NULL, '2024-07-10 11:26:33', '2024-10-09 14:56:25'),
	(21, 'RJO/IP/39554', 16, 37, 1, '2024-04-07', NULL, 'Ativo', 'RJO - Centro', 'Rua Azeredo Coutinho, 44 - Centro (RJ)', '080007/013238/2023', '7', 'Carla Basso', '7', 'Carla Basso', NULL, '2024-07-10 11:45:16', '2024-10-09 14:56:46'),
	(22, 'NIU/IP/09664', 16, 37, 1, '2024-03-27', NULL, 'Ativo', 'NIU', 'Av. Esplanada, 483 - Rancho Novo (Nova Iguaçú)', '080007/013238/2023', '7', 'Carla Basso', '7', 'Carla Basso', NULL, '2024-07-10 11:45:49', '2024-10-09 14:56:16'),
	(23, 'RJO/IP/39553', 16, 23, 1, '2024-05-13', NULL, 'Ativo', 'RJO - Centro', 'Rua Azeredo Coutinho, 44 - Centro (RJ)', '080007/013238/2023', '7', 'Carla Basso', '7', 'Carla Basso', NULL, '2024-07-10 11:46:53', '2024-10-09 14:56:34'),
	(24, 'NIU/IP/09657', 16, 23, 1, '2024-03-27', NULL, 'Ativo', 'NIU', 'Av. Esplanada, 483 - Rancho Novo (Nova Iguaçú)', '080007/013238/2023', '7', 'Carla Basso', '7', 'Carla Basso', NULL, '2024-07-10 11:47:36', '2024-10-09 14:56:08'),
	(25, 'RJO/IP/39579', 16, 23, 1, '2024-02-16', NULL, 'Ativo', 'RJO - Rio Comprido', 'R. Barão de Itapagipe, 225 - Rio Comprido (RJ)', '080007/013238/2023', '7', 'Carla Basso', '7', 'Carla Basso', NULL, '2024-07-10 11:48:26', '2024-10-09 14:56:55'),
	(26, 'NRI/IP/06626', 24, 11, 1, '2024-01-22', NULL, 'Ativo', 'Complexo Esportivo Caio Martins', 'Rua Presidente Backer, 300 - Icaraí (Niterói)', '300001/001578/2023', '7', 'Carla Basso', '7', 'Carla Basso', NULL, '2024-07-10 12:11:52', '2024-10-10 10:17:54'),
	(27, 'RJO/IP/38450', 19, 26, 1, '2023-12-29', NULL, 'Ativo', 'SECC', 'Rua José dos Reis, 425 - Engenho de Dentro (RJ)', '150001/001323/2024', '7', 'Carla Basso', '7', 'Carla Basso', NULL, '2024-07-10 12:16:26', '2024-10-10 10:22:18'),
	(28, 'RJO/IP/39682', 21, 28, 1, '2024-02-15', NULL, 'Ativo', 'SECC', 'Av. Vieira Souto, 176 - Ipanema (RJ)', '150001/001323/2024', '7', 'Carla Basso', '7', 'Carla Basso', NULL, '2024-07-10 12:17:09', '2024-10-10 10:26:53'),
	(29, 'RJO/IP/37639 ', 6, 37, 1, '2022-12-07', NULL, 'Ativo', 'SEDE', 'Rua do Carmo, 27 - 5°andar - Centro (RJ)', '140001/023705/2023', '7', 'Carla Basso', '7', 'Carla Basso', NULL, '2024-07-10 12:20:16', '2024-10-09 14:57:44'),
	(30, 'BSA/IP/28186', 22, 16, 1, '2021-08-19', NULL, 'Ativo', 'SEDE - Brasília', 'Setor de Administração Federal Sul, Quadra 2, Lote 2', '430002/000150/2023', '7', 'Carla Basso', '7', 'Carla Basso', NULL, '2024-07-10 14:40:42', '2024-10-09 15:03:51'),
	(31, 'NRI/IP/06665', 12, 18, 1, '2024-04-30', NULL, 'Ativo', 'NRI', 'Praça Fonseca Ramos, s/n - Centro (Niterói)', '480001/000005/2024', '7', 'Carla Basso', '7', 'Carla Basso', NULL, '2024-07-10 14:42:14', '2024-10-10 10:08:18'),
	(32, 'RJO/IP/39626', 13, 22, 1, '2024-03-27', NULL, 'Ativo', 'SEDE', 'Rua Beatriz Larragoiti Lucas, 121 - 6°andar - Cidade Nova (RJ)', '510001/000025/2023', '7', 'Carla Basso', '7', 'Carla Basso', NULL, '2024-07-10 14:47:56', '2024-10-10 10:15:33'),
	(33, 'RJO/IP/34685', 1, 1, 1, '2021-06-17', NULL, 'Ativo', 'CICC', 'R. Carmo Neto, s/n - Cidade Nova (RJ)', '430002/001051/2024', '7', 'Carla Basso', '7', 'Carla Basso', NULL, '2024-07-25 15:41:21', '2024-10-10 10:10:45'),
	(34, 'RJO/IP/39434', 23, 19, 1, '2023-12-22', NULL, 'Ativo', 'SEDE', 'Av. Nossa Senhora de Copacabana, 493 - Copacabana (RJO)', '100006/000824/2023', '7', 'Carla Basso', '7', 'Carla Basso', NULL, '2024-07-25 17:00:38', '2024-10-09 14:54:09'),
	(35, 'RJO/IP/39499', 24, 11, 1, '2024-01-16', NULL, 'Ativo', 'Estádio Célio de Barros', 'Rua Professor Euríco Rabelo, s/n - Maracanã (RJO)', '300001/001578/2023', '7', 'Carla Basso', '7', 'Carla Basso', NULL, '2024-07-25 17:05:23', '2024-10-10 10:18:12'),
	(36, 'NOF/IP/05483', 25, 17, 1, '2024-09-24', NULL, 'Ativo', 'NOF', 'Rua Doutor Euclydes Solon de Pontes, 30 - Centro (NOF)', '020006/000354/2023', '7', 'Carla Basso', '7', 'Carla Basso', NULL, '2024-07-26 14:50:30', '2024-10-09 14:44:58'),
	(37, 'fdsfsdf', NULL, NULL, 1, NULL, NULL, '', '', '', NULL, NULL, NULL, '2', 'Jardel', '2024-07-26 16:15:18', '2024-07-26 16:10:47', '2024-07-26 16:15:18'),
	(38, 'NRI/IP/06573', 25, 17, 1, '2024-02-02', NULL, 'Ativo', 'SEDE', 'Praça Fonseca Ramos, s/n - Centro (NRI)', '020006/000354/2023', '7', 'Carla Basso', '7', 'Carla Basso', NULL, '2024-07-30 11:10:52', '2024-10-09 14:45:29'),
	(39, 'DQX/IP/12307', 25, 17, 1, '2024-01-08', NULL, 'Ativo', 'DQX', 'Rua Silva Fernandes, 170 - Parque Duque (DQX)', '020006/000354/2023', '7', 'Carla Basso', '7', 'Carla Basso', NULL, '2024-07-30 11:12:02', '2024-10-09 14:43:41'),
	(40, 'NRI/IP/06571', 25, 18, 1, '2024-01-08', NULL, 'Ativo', 'SEDE', 'Praça Fonseca Ramos, s/n - Centro (NRI)', '020006/000354/2023', '7', 'Carla Basso', '7', 'Carla Basso', NULL, '2024-07-30 11:12:39', '2024-10-09 14:45:13'),
	(41, 'MRC/IP/02078', 25, 17, 1, '2024-01-15', NULL, 'Ativo', 'MRC', 'Rua Engenheiro Domingos Barbosa, 4 - Itaipuaçú (MRC)', '020006/000354/2023', '7', 'Carla Basso', '7', 'Carla Basso', NULL, '2024-07-30 11:13:10', '2024-10-09 14:44:48'),
	(42, 'RJO/IP/38938', 25, 17, 1, '2024-01-16', NULL, 'Ativo', 'Guaratiba', 'Av. das Américas, 31501 - Guaratiba (RJO)', '020006/000354/2023', '7', 'Carla Basso', '7', 'Carla Basso', NULL, '2024-07-30 11:13:45', '2024-10-09 14:50:21'),
	(43, 'CDI/IP/00116', 25, 17, 1, '2024-01-16', NULL, 'Ativo', 'CDI', 'Av. Presidente Vargas, 234 - Centro (CDI)', '020006/000354/2023', '7', 'Carla Basso', '7', 'Carla Basso', NULL, '2024-07-30 11:14:18', '2024-10-09 14:43:19'),
	(44, 'SDP/IP/00138', 25, 17, 1, '2024-01-17', NULL, 'Ativo', 'SDP', 'Rua Florismundo Decnop, 255 - Tavares (SDP)', '020006/000354/2023', '7', 'Carla Basso', '7', 'Carla Basso', NULL, '2024-07-30 11:18:09', '2024-10-09 14:52:56'),
	(45, 'CBF/IP/04672', 25, 17, 1, '2024-01-18', NULL, 'Ativo', 'CBF', 'Rua José Antonio Sampaio, 6 - Parque Riviera (CBF)', '020006/000354/2023', '7', 'Carla Basso', '7', 'Carla Basso', NULL, '2024-07-30 11:18:40', '2024-10-09 14:42:59'),
	(46, 'VASA/IP/00108', 25, 17, 1, '2024-01-19', NULL, 'Ativo', 'VASA', 'Av. José Ramos Vieira, s/n - Centro (VASA)', '020006/000354/2023', '7', 'Carla Basso', '7', 'Carla Basso', NULL, '2024-07-30 11:19:08', '2024-10-09 14:53:11'),
	(47, 'RJO/IP/38939', 25, 17, 1, '2024-01-22', NULL, 'Ativo', 'Guaratiba', 'Av. das Américas, 31501 - Guaratiba (RJO)', '020006/000354/2023', '7', 'Carla Basso', '7', 'Carla Basso', NULL, '2024-07-30 11:19:42', '2024-10-09 14:52:45'),
	(48, 'PAT/IP/00278', 25, 17, 1, '2024-01-23', NULL, 'Ativo', 'PAT', 'Rua da Floresta, 46 - Centro (PAT)', '020006/000354/2023', '7', 'Carla Basso', '7', 'Carla Basso', NULL, '2024-07-30 11:20:14', '2024-10-09 14:47:58'),
	(49, 'MCE/IP/03738', 25, 17, 1, '2024-01-24', NULL, 'Ativo', 'MCE', 'Rua Doutor Francisco Portela, 489 - Centro (MCE)', '020006/000354/2023', '7', 'Carla Basso', '7', 'Carla Basso', NULL, '2024-07-30 11:20:44', '2024-10-09 14:44:26'),
	(50, 'PII/IP/00159', 25, 17, 1, '2024-01-29', NULL, 'Ativo', 'PII', 'Av. Guadalajara, 125 - Centro (PII)', '020006/000354/2023', '7', 'Carla Basso', '7', 'Carla Basso', NULL, '2024-07-30 11:21:19', '2024-10-09 14:49:56'),
	(51, 'IGI/IP/00807', 25, 17, 1, '2024-01-30', NULL, 'Ativo', 'IGI', 'Estrada do Trapiche, 14 - Monte Serrat (IGI)', '020006/000354/2023', '7', 'Carla Basso', '7', 'Carla Basso', NULL, '2024-07-30 11:21:48', '2024-10-09 14:43:51'),
	(52, 'MPE/IP/00120', 25, 17, 1, '2024-02-02', NULL, 'Ativo', 'MPE', 'Av. Cesar Lattes, 317 - Centro (MPE)', '020006/000354/2023', '7', 'Carla Basso', '7', 'Carla Basso', NULL, '2024-07-30 11:22:22', '2024-10-09 14:44:38'),
	(53, 'ARS/IP/01152', 25, 17, 1, '2024-01-30', NULL, 'Ativo', 'ARS', 'Rua do Comércio, 10 - Centro (ARS)', '020006/000354/2023', '7', 'Carla Basso', '7', 'Carla Basso', NULL, '2024-07-30 11:22:52', '2024-10-09 14:42:49'),
	(54, 'IRA/IP/00840', 25, 17, 1, '2024-03-21', NULL, 'Ativo', 'IRA', 'Rodovia BR 356, s/n - Centro (IRA)', '020006/000354/2023', '7', 'Carla Basso', '7', 'Carla Basso', NULL, '2024-07-30 11:23:25', '2024-10-09 14:44:13'),
	(55, 'CPS/IP/05167', 25, 17, 1, '2024-04-05', NULL, 'Ativo', 'CPS', 'Av. Alberto Lamego, 712 - Parque Califórnia (CPS)', '020006/000354/2023', '7', 'Carla Basso', '7', 'Carla Basso', NULL, '2024-07-30 11:23:56', '2024-10-09 14:43:32'),
	(56, 'RFS/IP/00113', 25, 17, 1, '2024-11-12', NULL, 'Ativo', 'RFS', 'Faz. Patronato de menores, s/n - Centro - (RFS)', '020006/000354/2023', '7', 'Carla Basso', '7', 'Carla Basso', NULL, '2024-07-30 11:24:20', '2025-02-05 14:49:04'),
	(57, 'CDI/IP/00115', 25, 17, 1, '2024-06-27', NULL, 'Ativo', 'CDI', 'Av. Presidente Vargas, 234 - Centro (CDI)', '020006/000354/2023', '7', 'Carla Basso', '7', 'Carla Basso', NULL, '2024-07-30 11:31:31', '2024-10-09 14:43:09'),
	(58, 'CPS/IP/05142', 43, 10, 1, '2023-08-10', NULL, 'Ativo', 'CPS', 'Rua Visconde de Inhaúma, 102 -  Parque Tamandaré (CPS)', '020007/000145/2023', '7', 'Carla Basso', '7', 'Carla Basso', NULL, '2024-07-30 14:37:15', '2024-10-09 14:37:55'),
	(59, 'NRI/IP/06566', 43, 10, 1, '2023-08-17', '2025-02-17', 'Cancelado', 'SEDE', 'Alameda São Boaventura, 770 - Fonseca (NRI)', '020007/000145/2023', '7', 'Carla Basso', '7', 'Carla Basso', NULL, '2024-07-30 14:37:41', '2025-02-19 12:31:11'),
	(60, 'VAS/IP/00121', 43, 10, 1, '2023-08-31', NULL, 'Ativo', 'VAS', 'Rua Fernando Pedrosa Fernandes, 20 - Centro (VAS)', '020007/000145/2023', '7', 'Carla Basso', '7', 'Carla Basso', NULL, '2024-07-30 14:38:08', '2024-10-09 14:42:05'),
	(61, 'VLC/IP/00253', 43, 10, 1, '2023-09-06', NULL, 'Ativo', 'VLC', 'Rua Osiris de Paiva Souza, 1012 - Centro (VLC)', '020007/000145/2023', '7', 'Carla Basso', '7', 'Carla Basso', NULL, '2024-07-30 14:38:33', '2024-10-09 14:42:18'),
	(62, 'TRS/IP/00456', 43, 10, 1, '2023-09-13', NULL, 'Ativo', 'TRS', 'Rua Rita Cerqueira, 61 - Centro (TRS)', '020007/000145/2023', '7', 'Carla Basso', '7', 'Carla Basso', NULL, '2024-07-30 14:38:58', '2024-10-09 14:41:48'),
	(63, 'SDA/IP/00114', 43, 10, 1, '2023-09-18', NULL, 'Ativo', 'SDA', 'Rua Vereador Dilson Batista Soares, 108 - Centro (SDA)', '020007/000145/2023', '7', 'Carla Basso', '7', 'Carla Basso', NULL, '2024-07-30 14:41:41', '2024-10-09 14:40:34'),
	(64, 'CDI/IP/00114', 43, 10, 1, '2023-09-20', NULL, 'Ativo', 'CDI', 'Rua Presidente Vargas, s/n - Centro (CDI)', '020007/000145/2023', '7', 'Carla Basso', '7', 'Carla Basso', NULL, '2024-07-30 14:42:12', '2024-10-09 14:37:41'),
	(65, 'NTE/IP/00112', 43, 10, 1, '2023-09-21', NULL, 'Ativo', 'NTE', 'Rua Intendente Franklin Rabello, s/n - Centro (NTE)', '020007/000145/2023', '7', 'Carla Basso', '7', 'Carla Basso', NULL, '2024-07-30 14:42:42', '2024-10-09 14:39:18'),
	(66, 'RSD/IP/02538', 43, 10, 1, '2023-09-25', NULL, 'Ativo', 'RSD', 'Rua Coronel Brasiel, 33 - Campos Eliseos (RSD)', '020007/000145/2023', '7', 'Carla Basso', '7', 'Carla Basso', NULL, '2024-07-30 14:43:07', '2024-10-09 14:40:23'),
	(67, 'TANG/IP/00127', 43, 10, 1, '2023-09-21', NULL, 'Ativo', 'TANG', 'Rua Vereador Manoel Macedo, 90 - Centro (TANG)', '020007/000145/2023', '7', 'Carla Basso', '7', 'Carla Basso', NULL, '2024-07-30 14:43:31', '2024-10-09 14:41:32'),
	(68, 'ARS/IP/01151', 43, 10, 1, '2023-10-03', NULL, 'Ativo', 'ARS', 'Rua do Comércio, 10 - Centro (ARS)', '020007/000145/2023', '7', 'Carla Basso', '7', 'Carla Basso', NULL, '2024-07-30 14:43:58', '2024-10-09 14:36:31'),
	(69, 'IOC/IP/00118', 43, 10, 1, '2023-10-03', NULL, 'Ativo', 'IOC', 'Rua Coronel Pita de Castro, 247 - Centro (IOC)', '020007/000145/2023', '7', 'Carla Basso', '7', 'Carla Basso', NULL, '2024-07-30 14:44:23', '2024-10-09 14:38:22'),
	(70, 'BPI/IP/00366', 43, 10, 1, '2023-10-18', NULL, 'Ativo', 'BPI', 'Rua Moreira dos Santos, 1032 - Centro (BPI)', '020007/000145/2023', '7', 'Carla Basso', '7', 'Carla Basso', NULL, '2024-07-30 14:44:49', '2024-10-09 14:37:23'),
	(71, 'CBU/IP/00136', 43, 10, 1, '2023-10-20', NULL, 'Ativo', 'CBU', 'Estrada Serramar, s/n - Industrial (CBU)', '020007/000145/2023', '7', 'Carla Basso', '7', 'Carla Basso', NULL, '2024-07-30 14:45:14', '2024-10-09 14:37:32'),
	(72, 'BJO/IP/00129', 43, 10, 1, '2023-10-20', NULL, 'Ativo', 'BJO', 'Rua Francisco Borges Sobrinho, 151 - Centro (BJO)', '020007/000145/2023', '7', 'Carla Basso', '7', 'Carla Basso', NULL, '2024-07-30 14:45:36', '2024-10-09 14:37:04'),
	(73, 'PII/IP/00158', 43, 10, 1, '2023-10-23', NULL, 'Ativo', 'PII', 'Av. Guadalajara, 125 - Centro (PII)', '020007/000145/2023', '7', 'Carla Basso', '7', 'Carla Basso', NULL, '2024-07-30 14:46:01', '2024-10-09 14:39:31'),
	(74, 'BMA/IP/02109', 43, 10, 1, '2023-10-27', NULL, 'Ativo', 'BMA', 'Rua João Chiesse, 312 - Centro (BMA)', '020007/000145/2023', '7', 'Carla Basso', '7', 'Carla Basso', NULL, '2024-07-30 14:46:31', '2024-10-09 14:37:13'),
	(75, 'PTS/IP/04519', 43, 10, 1, '2023-11-08', NULL, 'Ativo', 'PTS', 'Estrada União e Indústria, 11590 - Itaipava (PTS)', '020007/000145/2023', '7', 'Carla Basso', '7', 'Carla Basso', NULL, '2024-07-30 14:46:57', '2024-10-09 14:40:00'),
	(76, 'SDP/IP/00137', 43, 10, 1, '2023-11-08', NULL, 'Ativo', 'SDP', 'Rua Florismundo Decnop, 255 - Centro (SDP)', '020007/000145/2023', '7', 'Carla Basso', '7', 'Carla Basso', NULL, '2024-07-30 14:47:23', '2024-10-09 14:40:49'),
	(77, 'MCE/IP/03727', 43, 10, 1, '2023-11-14', NULL, 'Ativo', 'MCE', 'Rua Doutor Francisco Portela, 489 - Centro (MCE)', '020007/000145/2023', '7', 'Carla Basso', '7', 'Carla Basso', NULL, '2024-07-30 14:47:48', '2024-10-09 14:38:45'),
	(78, 'SFIA/IP/00116', 43, 10, 1, '2023-11-10', NULL, 'Ativo', 'SFIA', 'Rua Joaquim da Mota Sobrinho, 230 - Centro (SFIA)', '020007/000145/2023', '7', 'Carla Basso', '7', 'Carla Basso', NULL, '2024-07-30 14:48:13', '2024-10-09 14:41:20'),
	(79, 'AMA/IP/01587', 43, 10, 1, '2023-11-14', NULL, 'Ativo', 'AMA', 'Rua Doutor Batista, s/n - Fazendinha (AMA)', '020007/000145/2023', '7', 'Carla Basso', '7', 'Carla Basso', NULL, '2024-07-30 14:48:40', '2024-10-09 14:36:42'),
	(80, 'IRA/IP/00839', 43, 10, 1, '2023-11-22', NULL, 'Ativo', 'IRA', 'Av. Deputado Rubens Tinoco Ferraz, 21 - Centro (IRA)', '020007/000145/2023', '7', 'Carla Basso', '7', 'Carla Basso', NULL, '2024-07-30 14:49:06', '2024-10-09 14:38:32'),
	(81, 'SFD/IP/00124', 43, 10, 1, '2023-11-22', NULL, 'Ativo', 'SFD', 'Av. Paranhos, 365 - Centro (SFD)', '020007/000145/2023', '7', 'Carla Basso', '7', 'Carla Basso', NULL, '2024-07-30 14:49:29', '2024-10-09 14:41:07'),
	(82, 'RJO/IP/38875', 43, 10, 1, '2023-11-27', NULL, 'Ativo', 'RJO', 'Avenida Brasil, 19001 - Coelho Neto (RJO)', '020007/000145/2023', '7', 'Carla Basso', '7', 'Carla Basso', NULL, '2024-07-30 14:49:55', '2024-10-09 14:40:11'),
	(83, 'NOF/IP/05481', 43, 10, 1, '2024-09-24', NULL, 'Ativo', 'NOF', 'Rua Doutor Euclydes de Pontes, 30 - Centro (NOF)', '020007/000145/2023', '7', 'Carla Basso', '7', 'Carla Basso', NULL, '2024-07-30 14:50:17', '2024-10-09 14:38:56'),
	(84, 'RJO/IP/39848', 12, 24, 1, '2024-06-17', NULL, 'Ativo', 'RJO', 'Av. Presidente Wilson, 231 - Centro (RJO)', '480001/000005/2024', '7', 'Carla Basso', '7', 'Carla Basso', NULL, '2024-07-30 14:52:50', '2024-10-10 10:08:28'),
	(85, 'RJO/IP/39680', 70, 34, 1, '2024-03-21', NULL, 'Ativo', 'SEDE', 'Rua da Quitanda, 106 - Centro (RJO)', '040161/011414/2023', '7', 'Carla Basso', '7', 'Carla Basso', NULL, '2024-07-31 15:09:47', '2024-10-09 15:02:00'),
	(86, 'RJO/IP/39622', 70, 10, 1, '2024-03-26', NULL, 'Ativo', 'Maracanã (RJO)', 'Av. Professor Manuel de Abreu, 300 - Maracanã (RJO)', '040161/011414/2023', '7', 'Carla Basso', '7', 'Carla Basso', NULL, '2024-07-31 15:12:09', '2024-10-09 15:01:40'),
	(87, 'RJO/IP/39086', 11, 38, 1, '2023-10-03', NULL, 'Ativo', 'SEDE', 'Rua Barão de Itapagipe, 225 - Rio Comprido (RJ)', '080001/028910/2022', '7', 'Carla Basso', '7', 'Carla Basso', NULL, '2024-07-31 15:12:44', '2024-10-10 10:29:20'),
	(88, 'NRI/IP/06642', 70, 10, 1, '2024-03-27', NULL, 'Ativo', 'NRI', 'Rua Gavião Peixoto, 87 - Icaraí (NRI)', '040161/011414/2023', '7', 'Carla Basso', '7', 'Carla Basso', NULL, '2024-07-31 15:13:19', '2024-10-09 15:01:12'),
	(89, 'RJO/IP/39753', 70, 10, 1, '2024-04-01', NULL, 'Ativo', 'Meier', 'Rua Frederico Meier, 22 - Meier (RJO)', '040161/011414/2023', '7', 'Carla Basso', '7', 'Carla Basso', NULL, '2024-07-31 15:13:54', '2024-10-09 15:02:34'),
	(90, 'RJO/IP/39751', 70, 10, 1, '2024-04-02', NULL, 'Ativo', 'Centro (RJO)', 'Rua da Relação, 42 - Centro (RJO)', '040161/011414/2023', '7', 'Carla Basso', '7', 'Carla Basso', NULL, '2024-07-31 15:15:42', '2024-10-09 15:02:11'),
	(91, 'TRS/IP/00461', 70, 10, 1, '2024-04-02', NULL, 'Ativo', 'TRS', 'Av. Praça São Sebastião, 81 - Centro (TRS)', '040161/011414/2023', '7', 'Carla Basso', '7', 'Carla Basso', NULL, '2024-07-31 15:16:29', '2024-10-09 15:00:27'),
	(92, 'RJO/IP/39621', 70, 10, 1, '2024-04-02', NULL, 'Ativo', 'Bangu (RJO)', 'Rua da Feira, 159 - Bangu (RJO)', '040161/011414/2023', '7', 'Carla Basso', '7', 'Carla Basso', NULL, '2024-07-31 15:16:57', '2024-10-09 15:01:31'),
	(93, 'NOF/IP/05502', 70, 10, 1, '2024-04-03', NULL, 'Ativo', 'NOF', 'Praça Predisente Getúlio Vargas, 139 - Centro (NOF)', '040161/011414/2023', '7', 'Carla Basso', '7', 'Carla Basso', NULL, '2024-07-31 15:17:25', '2024-10-09 15:01:01'),
	(94, 'SMI/IP/06179', 70, 10, 1, '2024-04-04', NULL, 'Ativo', 'SMI', 'Rua Egas Muniz (Antiga Rua César), 22 - Vilar dos Teles (SMI)', '040161/011414/2023', '7', 'Carla Basso', '7', 'Carla Basso', NULL, '2024-07-31 15:17:50', '2024-10-09 15:02:58'),
	(95, 'SPA/IP/00807', 70, 10, 1, '2024-04-04', NULL, 'Ativo', 'SPA', 'Rua Epaminondas Pereira Nunes, 1 - Centro (SPA)', '040161/011414/2023', '7', 'Carla Basso', '7', 'Carla Basso', NULL, '2024-07-31 15:18:36', '2024-10-09 15:03:18'),
	(96, 'PTS/IP/04534', 70, 10, 1, '2024-04-05', NULL, 'Ativo', 'PTS', 'Rua Paulo Barbosa, 110 - Centro (PTS)', '040161/011414/2023', '7', 'Carla Basso', '7', 'Carla Basso', NULL, '2024-07-31 15:19:13', '2024-10-09 15:01:21'),
	(97, 'RJO/IP/39752', 70, 10, 1, '2024-04-18', NULL, 'Ativo', 'Centro (RJO)', 'Praça da República, 70 - Centro (RJO)', '040161/011414/2023', '7', 'Carla Basso', '7', 'Carla Basso', NULL, '2024-07-31 15:19:42', '2024-10-09 15:02:21'),
	(98, 'IRA/IP/00852', 70, 10, 1, '2024-05-14', NULL, 'Ativo', 'IRA', 'Rua Lici C Pereira, 143 - Centro (IRA)', '040161/011414/2023', '7', 'Carla Basso', '7', 'Carla Basso', NULL, '2024-07-31 15:20:10', '2024-10-09 15:00:52'),
	(99, 'BPI/IP/00370', 70, 10, 1, '2024-06-19', NULL, 'Ativo', 'BPI', 'Rua Moreira dos Santos, 768 - Centro (BPI)', '020006/000354/2023', '7', 'Carla Basso', '7', 'Carla Basso', NULL, '2024-07-31 15:22:26', '2024-10-09 14:43:58'),
	(100, 'CPS/IP/05171', 70, 10, 1, '2024-06-28', NULL, 'Ativo', 'CPS', 'Rua José Evaldo Carneiro da Silva, 13 - Centro (CPS)', '040161/011414/2023', '7', 'Carla Basso', '7', 'Carla Basso', NULL, '2024-07-31 15:22:55', '2024-10-09 15:00:41'),
	(101, 'MCM/IP/00123', 70, 10, 1, '2024-09-26', NULL, 'Ativo', 'MCM', 'Rua Santo Antônio, 399 - Centro (MCM)', '040161/011414/2023', '7', 'Carla Basso', '7', 'Carla Basso', NULL, '2024-07-31 15:23:19', '2024-10-09 14:59:24'),
	(102, 'RJO/IP/40617', 70, 2, 1, '2024-09-17', NULL, 'Ativo', 'RJO', 'RJO', '040161/011414/2023', '7', 'Carla Basso', '7', 'Carla Basso', NULL, '2024-07-31 15:23:44', '2024-10-09 15:00:03'),
	(103, 'NRI/IP/06667', 14, 22, 1, '2024-07-09', NULL, 'Ativo', 'NRI', 'NRI', '020002/000096/2024', '7', 'Carla Basso', '7', 'Carla Basso', NULL, '2024-07-31 15:28:02', '2024-10-09 14:55:11'),
	(104, 'NOF/IP/05525', 14, 11, 1, '2024-07-12', NULL, 'Ativo', 'NOF', 'Av. Alberto Braune, 224 - Centro (NOF)', '020002/000096/2024', '7', 'Carla Basso', '7', 'Carla Basso', NULL, '2024-07-31 15:28:33', '2024-10-09 14:55:01'),
	(105, 'CPS/IP/05224', 89, 22, 1, '2024-08-26', NULL, 'Ativo', 'SEDE', 'Av. Alberto Lamego, 2000 - Parque Califórnia (CPS)', '260002/001285/2024', '7', 'Carla Basso', '7', 'Carla Basso', NULL, '2024-08-14 12:06:47', '2024-10-10 10:04:04'),
	(106, 'MCE/IP/03775', 89, 22, 1, '2024-07-25', NULL, 'Ativo', 'MCE', 'Av. Brennand, s/n - Imboassica (MCE)', '260002/001285/2024', '7', 'Carla Basso', '7', 'Carla Basso', NULL, '2024-08-14 12:07:18', '2024-10-10 10:04:18'),
	(107, 'Reserva', 91, 21, 1, NULL, '2024-09-10', 'Pendente', 'RJO', 'Campo de São Cristóvão, 138 - São Cristóvão (RJO)', '330001/001121/2024', '7', 'Carla Basso', '7', 'Carla Basso', '2025-01-31 10:33:41', '2024-08-22 09:48:17', '2025-01-31 10:33:41'),
	(108, 'RJO/IP/39221', 11, 38, 1, '2024-02-26', NULL, 'Ativo', 'SEDE', 'Rua Barão de Itapagipe, 225 - Rio Comprido (RJ)', '080001/028910/2022', '7', 'Carla Basso', '7', 'Carla Basso', NULL, '2024-08-22 15:40:44', '2024-10-10 10:29:28'),
	(109, 'RJO/IP/39623', 70, 2, 1, '2024-03-27', NULL, 'Ativo', 'Centro (RJO)', 'Rua da Relação, 42 - Centro (RJO)', NULL, NULL, NULL, '7', 'Carla Basso', '2024-08-22 15:47:16', '2024-08-22 15:45:33', '2024-08-22 15:47:16'),
	(110, 'RJO/IP/39623', 70, 2, 1, '2024-03-27', NULL, 'Ativo', 'SEDE', 'Rua da Quitanda, 106 - Centro (RJO)', '040161/011414/2023', '7', 'Carla Basso', '7', 'Carla Basso', NULL, '2024-08-22 15:48:41', '2024-10-09 15:01:50'),
	(111, 'RJO/IP/35970', 8, 4, 1, '2022-02-09', NULL, 'Ativo', 'SEDE', 'Av. Treze de Maio, 23 - 10° andar - Centro (RJ)', '430002/000146/2023', '7', 'Carla Basso', '7', 'Carla Basso', '2024-11-05 10:23:37', '2024-08-23 11:49:38', '2024-11-05 10:23:37'),
	(112, 'RJO/IP/40613', 92, 22, 1, '2024-10-03', NULL, 'Ativo', 'SEDE', 'Rua da Alfândega, 91 - Centro (RJO)', '180002/000381/2024', '7', 'Carla Basso', '7', 'Carla Basso', NULL, '2024-08-23 12:34:30', '2024-10-10 10:06:33'),
	(113, 'NRI/IP/06750', 92, 22, 1, '2024-10-21', NULL, 'Ativo', 'Museu de História e Artes', 'Rua Presidente Pedreira, 78 - Ingá (NRI)', '180002/000381/2024', '7', 'Carla Basso', '7', 'Carla Basso', NULL, '2024-08-23 12:35:35', '2024-10-24 13:39:12'),
	(114, 'RJO/IP/40616', 92, 22, 1, '2024-08-30', NULL, 'Ativo', 'Escola de Música Vila-Lobos', 'Rua Ramalho Ortigão, 9 - Centro (RJO)', '180002/000381/2024', '7', 'Carla Basso', '7', 'Carla Basso', NULL, '2024-08-23 12:36:17', '2024-10-10 10:06:53'),
	(115, 'RJO/IP/40618', 92, 22, 1, '2024-11-25', NULL, 'Ativo', 'Sala Cecília Meireles', 'Largo da Lapa, 47 - Lapa (RJO)', '180002/000381/2024', '7', 'Carla Basso', '7', 'Carla Basso', NULL, '2024-08-23 12:36:44', '2025-01-31 10:21:21'),
	(116, 'RJO/IP/41143', 92, 22, 1, '2025-01-07', NULL, 'Ativo', 'Casa de Cultura Laura Alvim', 'Avenida Vieira Souto, 176 - Ipanema (RJO)', '180002/000381/2024', '7', 'Carla Basso', '7', 'Carla Basso', NULL, '2024-08-23 12:37:42', '2025-01-31 10:22:19'),
	(117, 'RJO/IP/40982', 92, 22, 1, NULL, '2024-11-26', 'Ativo', 'Teatro Gláucio Gill', 'Praça Cardeal Arcoverde, s/n - Copacabana (RJO)', '180002/000381/2024', '7', 'Carla Basso', '7', 'Carla Basso', NULL, '2024-08-23 12:40:33', '2025-01-31 10:23:11'),
	(118, 'RJO/IP/40609', 92, 14, 1, '2024-09-27', NULL, 'Ativo', 'Teatro Mário Lago', 'Rua Jaime Redondo, 2 - Bangu (RJO)', '180002/000381/2024', '7', 'Carla Basso', '7', 'Carla Basso', NULL, '2024-08-23 12:41:14', '2024-10-24 13:39:48'),
	(119, 'RJO/IP/40608', 92, 14, 1, '2024-09-17', NULL, 'Ativo', 'Teatro Armando Gonzaga', 'Av. General Osvaldo Cordeiro de Farias, 511 - Mal. Hermes (RJO)', '180002/000381/2024', '7', 'Carla Basso', '7', 'Carla Basso', NULL, '2024-08-23 12:41:42', '2024-10-10 10:05:52'),
	(120, 'RJO/IP/40611', 92, 14, 1, '2025-01-03', NULL, 'Ativo', 'Teatro Arthur Azevedo', 'Rua Vítor Alves, 454 - Campo Grande (RJO)', '180002/000381/2024', '7', 'Carla Basso', '7', 'Carla Basso', NULL, '2024-08-23 12:45:44', '2025-01-31 10:19:01'),
	(121, 'RJO/IP/40612', 92, 14, 1, '2024-09-03', NULL, 'Ativo', 'Museu Carmen Miranda', 'Av. Rui Barbosa, s/n.⁰ - Flamengo (RJO)', '180002/000381/2024', '7', 'Carla Basso', '7', 'Carla Basso', NULL, '2024-08-23 12:46:20', '2024-10-10 10:06:22'),
	(122, 'NRI/IP/06751', 92, 14, 1, '2024-08-27', NULL, 'Ativo', 'Museu Antônio Parreias', 'Rua Tiradentes, 47 - Ingá (NRI)', '180002/000381/2024', '7', 'Carla Basso', '7', 'Carla Basso', NULL, '2024-08-23 12:46:57', '2024-10-10 10:05:42'),
	(123, 'NRI/IP/06748', 92, 14, 1, '2024-09-03', NULL, 'Ativo', 'Casa de Oliveira Viana', 'Alameda São Boaventura, 41 - Fonseca (NRI)', '180002/000381/2024', '7', 'Carla Basso', '7', 'Carla Basso', NULL, '2024-08-23 12:47:33', '2024-10-10 10:05:22'),
	(124, 'RJO/IP/40924', 92, 14, 1, '2024-10-16', NULL, 'Ativo', 'Casa da Marquesa de Santos', 'Av. Pedro II, 293 - São Cristóvão (RJO)', '180002/000381/2024', '7', 'Carla Basso', '7', 'Carla Basso', NULL, '2024-08-23 12:48:08', '2024-10-18 11:57:21'),
	(125, 'CTG/IP/00134', 92, 14, 1, '2024-09-10', NULL, 'Ativo', 'Casa de Euclides da Cunha', 'Rua José Alves Gomes/R. São Vicente de Paula - Cantagalo (RJO)', '180002/000381/2024', '7', 'Carla Basso', '7', 'Carla Basso', NULL, '2024-08-23 12:48:36', '2024-10-24 13:37:41'),
	(126, 'RJO/IP/40620', 92, 14, 1, '2024-09-17', NULL, 'Ativo', 'Teatro João Caetano', 'Praça Tiradentes, s/n - Centro (RJO)', '180002/000381/2024', '7', 'Carla Basso', '7', 'Carla Basso', NULL, '2024-08-23 12:48:56', '2024-10-10 10:07:15'),
	(127, 'RJO/IP/40540', 107, 24, 1, '2024-08-26', NULL, 'Ativo', 'RJO', 'Rua São Bento, 8 - Centro (RJO)', '430002/001269/2024', '7', 'Carla Basso', '7', 'Carla Basso', NULL, '2024-08-28 10:40:15', '2024-10-10 10:28:31'),
	(128, 'RJO/IP/39928', 70, 10, 1, '2024-05-29', NULL, 'Ativo', 'RJO', 'Palácio Mercantil - Rua Miguel Couto, 105 - Centro (RJO)', '040161/011414/2023', '7', 'Carla Basso', '7', 'Carla Basso', NULL, '2024-09-17 17:32:55', '2024-10-09 15:02:46'),
	(129, 'RJO/IP/34691', 6, 24, 1, '2021-08-17', NULL, 'Ativo', 'Centro', 'Rua do Carmo, 27 - Centro (RJO)', '140001/023705/2023', '7', 'Carla Basso', '7', 'Carla Basso', NULL, '2024-09-23 15:15:50', '2024-10-09 14:57:36'),
	(130, 'RJO/IP/38011', 108, 21, 1, '2023-05-02', '2025-01-24', 'Cancelado', 'RJO', 'Campo de São Cristóvão, 138 - São Cristóvão (RJO)', '170004/000140/2022', '7', 'Carla Basso', '7', 'Carla Basso', NULL, '2024-09-24 10:56:49', '2025-01-31 10:29:12'),
	(131, 'RJO/IP/38121', 109, 18, 1, '2023-06-20', NULL, 'Ativo', 'RJO', 'Rua da Gloria, 290 - Gloria (RJO)', '050003/000108/2023', '7', 'Carla Basso', '7', 'Carla Basso', NULL, '2024-09-24 10:59:31', '2024-10-10 10:19:58'),
	(132, 'RJO/IP/40986', 110, 9, 1, '2024-10-17', NULL, 'Ativo', 'RJO', 'Av. Presidente Vargas, 1100 - Centro (RJO)', '100003/000688/2024', '7', 'Carla Basso', '7', 'Carla Basso', NULL, '2024-09-24 11:07:00', '2024-10-21 12:24:54'),
	(133, 'RJO/IP/40619', 111, 23, 1, '2024-08-23', NULL, 'Ativo', 'RJO', 'RJO', '120001/001710/2024', '7', 'Carla Basso', '7', 'Carla Basso', NULL, '2024-09-25 14:32:02', '2024-10-10 10:13:54'),
	(134, 'RJO/IP/40622', 111, 23, 1, '2024-08-23', NULL, 'Ativo', 'RJO', 'RJO', '120001/001710/2024', '7', 'Carla Basso', '7', 'Carla Basso', NULL, '2024-09-25 14:32:42', '2024-10-10 10:14:03'),
	(135, 'IRA/IP/00864', 14, 11, 1, '2025-01-22', NULL, 'Ativo', 'IRA', 'IRA', '020002/000096/2024', '7', 'Carla Basso', '7', 'Carla Basso', NULL, '2024-10-01 13:20:17', '2025-02-05 14:44:37'),
	(136, 'RJO/IP/39501', 24, 18, 1, NULL, NULL, 'Pendente', 'Parque Aquático Julio Delamare', 'RJO', '300001/001578/2023', '7', 'Carla Basso', '7', 'Carla Basso', NULL, '2024-10-01 14:24:50', '2024-10-10 10:17:36'),
	(137, 'CHM/IP/00149', 14, 11, 1, '2024-08-10', NULL, 'Ativo', 'CHM', 'Rua Ubaldo José da Rocha, 301 - Centro (CHM)', '020002/000096/2024', '7', 'Carla Basso', '7', 'Carla Basso', NULL, '2024-10-09 15:05:45', '2024-10-29 11:00:18'),
	(138, 'Reserva', 14, 22, 1, NULL, NULL, 'Pendente', 'Reserva', 'Reserva', '020002/000096/2024', NULL, NULL, '7', 'Carla Basso', NULL, '2024-10-09 15:08:39', '2024-10-09 15:08:39'),
	(139, 'Reserva', 112, 21, 1, NULL, NULL, 'Pendente', 'EMOP', 'Rua Campo de São Cristóvão, 138 4° andar - São Cristóvão (RJO)', 'SEI-330003/001957/2024', NULL, NULL, '7', 'Carla Basso', '2025-02-05 14:47:11', '2024-10-21 17:11:36', '2025-02-05 14:47:11'),
	(140, 'RJO/IP/35970', 113, 4, 1, '2022-02-09', NULL, 'Ativo', 'RJO', 'Av. 13 de Maio, 23 (10°andar) - Centro (RJO)', 'SEI-430002/000146/2023', '7', 'Carla Basso', '7', 'Carla Basso', NULL, '2024-10-25 15:29:59', '2024-10-25 15:37:04'),
	(141, 'Reserva', 114, 20, 1, NULL, NULL, 'Pendente', 'RJO', 'Rua do Catete, 190 - Catete (RJO)', 'SEI-280001/000314/2024', NULL, NULL, '7', 'Carla Basso', NULL, '2024-10-30 15:06:22', '2024-10-30 15:06:22'),
	(142, 'RJO/IP/38011', 108, 24, 1, '2025-01-24', NULL, 'Ativo', 'RJO', 'RJO', 'SEI-170004/000140/2022', '7', 'Carla Basso', '7', 'Carla Basso', NULL, '2024-10-31 16:34:15', '2025-01-31 10:29:47'),
	(143, 'RJO/IP/40974', 115, 13, 1, NULL, NULL, 'Pendente', 'RJO', 'Entrega de FWA + 40F', 'SEI-420001/002619/2024', NULL, NULL, '7', 'Carla Basso', NULL, '2024-10-31 17:37:54', '2024-10-31 17:37:54'),
	(144, 'RJO/IP/40973', 115, 12, 1, NULL, NULL, 'Pendente', 'RJO', 'Cinelândia', 'SEI-420001/002619/2024', NULL, NULL, '7', 'Carla Basso', NULL, '2024-10-31 17:38:44', '2024-10-31 17:38:44'),
	(145, 'RJO/IP/40972', 115, 12, 1, NULL, NULL, 'Pendente', 'RJO', 'Entrega de FWA + 40F', 'SEI-420001/002619/2024', NULL, NULL, '7', 'Carla Basso', NULL, '2024-10-31 17:39:32', '2024-10-31 17:39:32'),
	(146, 'RJO/IP/40971', 115, 12, 1, NULL, NULL, 'Pendente', 'RJO', 'Praça MAUÁ', 'SEI-420001/002619/2024', NULL, NULL, '7', 'Carla Basso', NULL, '2024-10-31 17:40:21', '2024-10-31 17:40:21'),
	(147, 'RJO/IP/40970', 115, 12, 1, NULL, NULL, 'Pendente', 'RJO', 'Entrega de FWA + 40F', 'SEI-420001/002619/2024', NULL, NULL, '7', 'Carla Basso', NULL, '2024-10-31 17:41:01', '2024-10-31 17:41:01'),
	(148, 'RJO/IP/40968', 115, 12, 1, NULL, NULL, 'Pendente', 'RJO', 'Entrega de FWA + 40F', 'SEI-420001/002619/2024', NULL, NULL, '7', 'Carla Basso', NULL, '2024-10-31 17:41:44', '2024-10-31 17:41:44'),
	(149, 'Reserva', 6, 24, 1, NULL, NULL, 'Pendente', 'RJO', 'RJO', '', NULL, NULL, '7', 'Carla Basso', '2025-02-05 14:51:25', '2024-11-28 16:54:05', '2025-02-05 14:51:25'),
	(150, 'RJO/IP/42085', 112, 21, 1, '2025-01-02', NULL, 'Ativo', 'RJO', 'Rua Campo de São Cristóvão, 138 4° andar - São Cristóvão (RJO)', 'SEI-330003/001957/2024', '7', 'Carla Basso', '7', 'Carla Basso', NULL, '2025-01-31 10:31:33', '2025-02-05 14:45:59'),
	(151, 'RJO/IP/41214', 91, 21, 1, '2024-12-27', NULL, 'Ativo', 'RJO', 'Rua Campo de São Cristóvão, Nº 138 - São Cristóvão (RJO)', 'SEI-330001/001121/2024', NULL, NULL, '7', 'Carla Basso', NULL, '2025-01-31 10:35:35', '2025-01-31 10:35:35'),
	(152, 'RJO CRH RJO J3O DP*V 00005', 4, 19, 1, '2022-12-13', '2026-11-15', 'Inativo', 'CODI', 'Avenida Paris, Bonsucesso, CEP: 21010-430', 'SEI-430002/475867/2025', '0', 'unknown', '0', 'unknown', NULL, '2025-02-24 00:02:21', '2025-02-24 00:02:21');

INSERT INTO `cliente` (`id`, `contato_id`, `nome`, `sigla`, `endereco`, `active`, `created_by`, `created_by_name`, `updated_by`, `updated_by_name`, `deleted_at`, `created_at`, `updated_at`) VALUES
	(1, 15, 'Companhia Estadual de Habitação do Estado do Rio de Janeiro', 'CEHAB', 'Rua Javatá, Barros Filho, CEP: 21512-040', 0, '0', 'unknown', '0', 'unknown', NULL, '2025-02-23 15:31:14', '2025-02-23 15:31:14'),
	(2, 13, 'Conselho Penitenciário do Estado do Rio de Janeiro', 'CPERJ', 'Rua Fonseca, Bangu, CEP: 21725-470', 0, '0', 'unknown', '0', 'unknown', NULL, '2025-02-23 15:31:32', '2025-02-23 15:34:13'),
	(3, 14, 'Secretaria de Estado de Educação', 'SEEDUC', 'Rua Voluntários da Pátria, Botafogo, CEP: 22230-090', 1, '0', 'unknown', '0', 'unknown', NULL, '2025-02-23 15:31:36', '2025-02-23 15:31:36'),
	(4, 15, 'Secretaria de Estado de Segurança', 'SESEG', 'Rua Jaboticabal, Brás de Pina, CEP: 21250-001', 0, '0', 'unknown', '0', 'unknown', NULL, '2025-02-23 15:31:40', '2025-02-23 15:31:40'),
	(5, 20, 'Autarquia de Proteção e Defesa do Consumidor', 'PROCON/RJ', 'Rua Parlon Siqueira, Barra de Guaratiba, CEP: 23030-230', 0, '0', 'unknown', '0', 'unknown', NULL, '2025-02-23 15:31:46', '2025-02-23 15:31:46'),
	(6, 3, 'Secretaria de Estado de Segurança', 'SESEG', 'Rua João Vicente, Bento Ribeiro, CEP: 21330-959', 1, '0', 'unknown', '0', 'unknown', NULL, '2025-02-23 15:31:51', '2025-02-23 15:31:51'),
	(7, 5, 'Secretaria de Estado do Ambiente', 'SEA', 'Rua Vinte e Quatro de Maio, Água Santa, CEP: 20740-590', 1, '0', 'unknown', '0', 'unknown', NULL, '2025-02-23 15:31:55', '2025-02-23 15:31:55'),
	(8, 7, 'Procuradoria Geral do Estado', 'PGE', 'Rua Parlon Siqueira, Barra de Guaratiba, CEP: 23030-230', 0, '0', 'unknown', '0', 'unknown', NULL, '2025-02-23 15:31:58', '2025-02-23 15:31:58'),
	(9, 5, 'Fundo Especial de Apoio a Programas de Proteção e Defesa do Consumidor', 'FEPROCON', 'Rua da Abolição, Abolição, CEP: 20756-000', 0, '0', 'unknown', '0', 'unknown', NULL, '2025-02-23 15:32:04', '2025-02-23 15:32:04'),
	(10, 12, 'Secretaria de Estado de Ciência e Tecnologia', 'SECT', 'Rua Belisário Pena, Anchieta, CEP: 21655-770', 1, '0', 'unknown', '0', 'unknown', NULL, '2025-02-23 15:32:06', '2025-02-23 15:32:06'),
	(11, 14, 'Instituto Estadual de Engenharia e Arquitetura', 'IEEA', 'Rua Pedro Calmon, Camorim, CEP: 22780-160', 1, '0', 'unknown', '0', 'unknown', NULL, '2025-02-23 15:32:08', '2025-02-23 15:32:08'),
	(12, 11, 'Fundação Instituto da Pesca do Estado do Rio de Janeiro', 'FIPERJ', 'Avenida Brasil, Caju, CEP: 20930-390', 1, '0', 'unknown', '0', 'unknown', NULL, '2025-02-23 15:32:11', '2025-02-23 15:32:11'),
	(13, 7, 'Secretaria de Estado de Planejamento e Gestão', 'SEPLAG', 'Rua Voluntários da Pátria, Botafogo, CEP: 22230-090', 0, '0', 'unknown', '0', 'unknown', NULL, '2025-02-23 15:32:21', '2025-02-23 15:34:39'),
	(14, 8, 'Loteria do Estado do Rio de Janeiro', 'LOTERJ', 'Rua Javatá, Barros Filho, CEP: 21512-040', 0, '0', 'unknown', '0', 'unknown', NULL, '2025-02-23 15:32:25', '2025-02-23 15:32:25'),
	(15, 14, 'Superintendência de Desportos do Estado do Rio de Janeiro', 'SUDERJ', 'Rua Amado Nervo, Alto da Boa Vista, CEP: 20535-420', 1, '0', 'unknown', '0', 'unknown', NULL, '2025-02-23 15:32:27', '2025-02-23 15:32:27'),
	(16, 13, 'Fundação Instituto da Pesca do Estado do Rio de Janeiro', 'FIPERJ', 'Rua Javatá, Barros Filho, CEP: 21512-040', 1, '0', 'unknown', '0', 'unknown', NULL, '2025-02-23 15:32:30', '2025-02-23 15:32:30'),
	(17, 5, 'Controladoria Geral do Estado', 'CGE', 'Rua Cachambi, Cachambi, CEP: 20770-460', 0, '0', 'unknown', '0', 'unknown', NULL, '2025-02-23 15:32:33', '2025-02-23 15:32:33'),
	(18, 4, 'Secretaria de Estado de Habitação', 'SEHAB', 'Rua Javatá, Barros Filho, CEP: 21512-040', 1, '0', 'unknown', '0', 'unknown', NULL, '2025-02-23 15:32:35', '2025-02-23 15:32:35'),
	(19, 9, 'Secretaria de Estado do Trabalho', 'SETRAB', 'Rua Voluntários da Pátria, Botafogo, CEP: 22230-090', 1, '0', 'unknown', '0', 'unknown', NULL, '2025-02-23 15:32:38', '2025-02-23 15:32:38'),
	(20, 7, 'Secretaria de Estado de Fazenda', 'SEFAZ', 'Rua Vinte e Quatro de Maio, Água Santa, CEP: 20740-590', 1, '0', 'unknown', '0', 'unknown', NULL, '2025-02-23 15:32:42', '2025-02-23 15:32:42'),
	(21, 15, 'Secretaria de Estado de Administração Penitenciária', 'SEAP', 'Avenida Lúcio Costa, Barra da Tijuca, CEP: 22795-901', 0, '0', 'unknown', '0', 'unknown', NULL, '2025-02-23 15:32:44', '2025-02-23 15:32:44'),
	(22, 18, 'Agência Reguladora de Energia e Saneamento do Estado do Rio de Janeiro', 'AGENERSA', 'Rua João Vicente, Bento Ribeiro, CEP: 21330-959', 1, '0', 'unknown', '0', 'unknown', NULL, '2025-02-23 15:32:49', '2025-02-23 15:37:04'),
	(23, 2, 'Secretaria de Estado de Transportes', 'SETRANS', 'Rua Cachambi, Cachambi, CEP: 20770-460', 0, '0', 'unknown', '0', 'unknown', '2025-02-23 15:36:39', '2025-02-23 15:32:51', '2025-02-23 15:36:39'),
	(24, 11, 'Ponto Frio', '', '', 1, '0', 'unknown', '0', 'unknown', '2025-02-23 17:12:40', '2025-02-23 17:10:27', '2025-02-23 17:12:40');

INSERT INTO `cobrancas` (`id`, `upload`, `circuito_id`, `operadora_id`, `orgao_id`, `dia_cobrado`, `data_inicio`, `data_fim`, `custo_mensal`, `created_by`, `created_by_name`, `updated_by`, `updated_by_name`, `active`, `SEI`, `deleted_at`, `created_at`, `updated_at`) VALUES
	(1, '', 20, 15, 8, 14, '1971-03-29', '2031-10-19', 21681.66, '0', 'unknown', '0', 'unknown', 0, 'SEI-430002/918597/2025', NULL, '2025-02-23 23:22:10', '2025-02-23 23:22:10'),
	(2, '', 1, 12, 17, 8, '1971-08-01', '2025-09-05', 1500.00, '0', 'unknown', '0', 'unknown', 1, 'SEI-430002/643418/2025', NULL, '2025-02-23 23:22:12', '2025-02-23 23:22:12'),
	(3, '', 20, 9, 7, 19, '2023-01-07', '2026-10-25', 41637.75, '0', 'unknown', '0', 'unknown', 1, 'SEI-430002/779775/2025', NULL, '2025-02-23 23:22:15', '2025-02-23 23:22:15'),
	(4, '', 1, 18, 1, 1, '2015-06-03', '2027-04-23', 2749.98, '0', 'unknown', '0', 'unknown', 1, 'SEI-430002/627825/2025', NULL, '2025-02-23 23:22:17', '2025-02-23 23:22:17'),
	(5, '', 8, 3, 12, 6, '1996-11-23', '2029-07-25', 33157.74, '0', 'unknown', '0', 'unknown', 0, 'SEI-430002/948476/2025', NULL, '2025-02-23 23:22:19', '2025-02-23 23:22:19'),
	(6, '', 4, 18, 3, 19, '2010-01-09', '2030-03-13', 982.00, '0', 'unknown', '0', 'unknown', 1, 'SEI-430002/207138/2025', NULL, '2025-02-23 23:22:22', '2025-02-23 23:22:22'),
	(7, '', 17, 6, 2, 13, '2023-05-08', '2027-05-13', 48792.59, '0', 'unknown', '0', 'unknown', 0, 'SEI-430002/486548/2025', NULL, '2025-02-23 23:22:25', '2025-02-23 23:22:25'),
	(8, '', 19, 1, 14, 17, '2019-10-06', '2029-04-28', 33157.74, '0', 'unknown', '0', 'unknown', 1, 'SEI-430002/905080/2025', NULL, '2025-02-23 23:22:29', '2025-02-23 23:22:29'),
	(9, '', 8, 20, 10, 24, '2003-12-19', '2031-03-09', 41637.75, '0', 'unknown', '0', 'unknown', 1, 'SEI-430002/652653/2025', NULL, '2025-02-23 23:22:32', '2025-02-23 23:22:32'),
	(10, '', 15, 15, 7, 26, '2015-02-26', '2030-11-05', 1011.00, '0', 'unknown', '0', 'unknown', 1, 'SEI-430002/296224/2025', NULL, '2025-02-23 23:22:35', '2025-02-23 23:22:35'),
	(11, '', 1, 4, 14, 11, '1999-02-10', '2027-07-26', 41637.75, '0', 'unknown', '0', 'unknown', 1, 'SEI-430002/978220/2025', NULL, '2025-02-23 23:22:38', '2025-02-23 23:22:38'),
	(12, '', 17, 11, 14, 19, '1974-02-06', '2027-11-28', 48792.59, '0', 'unknown', '0', 'unknown', 0, 'SEI-430002/751719/2025', NULL, '2025-02-23 23:22:40', '2025-02-23 23:22:40'),
	(13, '', 10, 5, 16, 12, '1969-05-24', '2031-12-06', 2750.00, '0', 'unknown', '0', 'unknown', 1, 'SEI-430002/868862/2025', NULL, '2025-02-23 23:22:43', '2025-02-23 23:22:43'),
	(14, '', 18, 17, 15, 6, '1993-12-31', '2027-04-21', 982.00, '0', 'unknown', '0', 'unknown', 0, 'SEI-430002/284378/2025', NULL, '2025-02-23 23:22:45', '2025-02-23 23:22:45'),
	(15, '', 11, 8, 14, 27, '1977-02-04', '2030-10-01', 3499.97, '0', 'unknown', '0', 'unknown', 1, 'SEI-430002/239448/2025', NULL, '2025-02-23 23:22:48', '2025-02-23 23:22:48'),
	(16, '', 18, 3, 13, 23, '1976-12-10', '2031-04-25', 1011.00, '0', 'unknown', '0', 'unknown', 1, 'SEI-430002/772991/2025', NULL, '2025-02-23 23:22:50', '2025-02-23 23:22:50'),
	(17, '', 9, 3, 9, 13, '2002-04-02', '2030-01-18', 4649.99, '0', 'unknown', '0', 'unknown', 1, 'SEI-430002/826908/2025', NULL, '2025-02-23 23:22:53', '2025-02-23 23:22:53'),
	(18, '', 12, 5, 1, 12, '2009-07-04', '2031-09-21', 19436.34, '0', 'unknown', '0', 'unknown', 0, 'SEI-430002/234707/2025', NULL, '2025-02-23 23:22:57', '2025-02-23 23:22:57'),
	(19, '', 13, 7, 5, 20, '2002-11-07', '2026-04-11', 3499.97, '0', 'unknown', '0', 'unknown', 0, 'SEI-430002/161436/2025', NULL, '2025-02-23 23:23:02', '2025-02-23 23:23:02'),
	(20, '', 6, 10, 7, 5, '1985-01-20', '2028-02-10', 4649.99, '0', 'unknown', '0', 'unknown', 1, 'SEI-430002/845117/2025', NULL, '2025-02-23 23:23:04', '2025-02-23 23:23:04');

INSERT INTO `contato` (`id`, `setor_id`, `nome`, `email`, `telefone`, `data_inicio`, `data_fim`, `active`, `created_by`, `created_by_name`, `updated_by`, `updated_by_name`, `deleted_at`, `created_at`, `updated_at`) VALUES
	(1, 11, 'Edilene Fernanda Fontes', 'vpuae35@example.com', '(21) 7436-7714', '1965-08-09', '2027-02-25', 0, '0', 'unknown', '0', 'unknown', NULL, '2025-02-23 13:24:20', '2025-02-23 13:24:20'),
	(2, 12, 'José Teles Ramos', 'esimm44@example.com', '(21) 0642-0509', '1995-09-01', '2027-05-26', 1, '0', 'unknown', '0', 'unknown', NULL, '2025-02-23 13:24:22', '2025-02-23 13:24:22'),
	(3, 10, 'Jackson Elliot Harrison', 'obsst86@example.com', '(22) 3190-9436', '1987-12-17', '2031-04-05', 1, '0', 'unknown', '0', 'unknown', NULL, '2025-02-23 13:24:25', '2025-02-23 13:24:25'),
	(4, 18, 'Francine Jéssica Meneses', 'oqxxx26@example.com', '(22) 3325-2325', '2002-03-21', '2029-03-06', 1, '0', 'unknown', '0', 'unknown', NULL, '2025-02-23 13:24:27', '2025-02-23 13:24:27'),
	(5, 3, 'Daniela Tatiane Cardoso', 'xywag29@example.com', '(21) 3326-8883', '1982-09-26', '2025-11-19', 0, '0', 'unknown', '0', 'unknown', NULL, '2025-02-23 13:24:30', '2025-02-23 13:30:09'),
	(6, 18, 'Regiane Renata Pinheiro', 'obgwl57@example.com', '(24) 4274-6456', '1984-12-26', '2027-08-05', 1, '0', 'unknown', '0', 'unknown', NULL, '2025-02-23 13:24:33', '2025-02-23 13:30:27'),
	(7, 11, 'Andreia Martins Silva', 'cbmkd84@example.com', '(24) 4869-6321', '1973-07-02', '2030-05-30', 0, '0', 'unknown', '0', 'unknown', NULL, '2025-02-23 13:24:35', '2025-02-23 13:30:33'),
	(8, 18, 'Aaron James Anderson', 'rbyuz12@example.com', '(21) 4455-1509', '1997-10-21', '2032-02-04', 0, '0', 'unknown', '0', 'unknown', NULL, '2025-02-23 13:24:38', '2025-02-23 13:24:38'),
	(9, 3, 'Colton Alexander Peterson', 'rqlto93@example.com', '(24) 3180-1795', '1971-06-13', '2030-03-28', 1, '0', 'unknown', '0', 'unknown', NULL, '2025-02-23 13:24:41', '2025-02-23 13:24:41'),
	(10, 11, 'Rafael de Souza Mendes', 'sbtkz70@example.com', '(21) 5806-4707', '2023-02-01', '2028-10-01', 0, '0', 'unknown', '0', 'unknown', NULL, '2025-02-23 13:24:44', '2025-02-23 13:24:44'),
	(11, 3, 'Günter Richard Ludwig', 'mmrpg62@example.com', '(24) 9839-3011', '2010-01-14', '2028-05-19', 0, '0', 'unknown', '0', 'unknown', NULL, '2025-02-23 13:24:47', '2025-02-23 13:24:47'),
	(12, 2, 'Maurício Vieira Santiago', 'kykbd71@example.com', '(22) 9747-5570', '1988-08-31', '2025-10-24', 1, '0', 'unknown', '0', 'unknown', NULL, '2025-02-23 13:24:49', '2025-02-23 13:24:49'),
	(13, 6, 'Min Ji Kim', 'pndtr54@example.com', '(24) 1606-9312', '2007-07-03', '2025-05-30', 0, '0', 'unknown', '0', 'unknown', NULL, '2025-02-23 13:24:52', '2025-02-23 13:24:52'),
	(14, 13, 'Marcos Amaral Gomes', 'hxtnb53@example.com', '(24) 8074-4878', '2022-03-19', '2031-05-08', 1, '0', 'unknown', '0', 'unknown', NULL, '2025-02-23 13:24:55', '2025-02-23 13:24:55'),
	(15, 2, 'Aline Regina Santos', 'swavk03@example.com', '(22) 0322-3994', '2011-09-16', '2028-07-26', 0, '0', 'unknown', '0', 'unknown', NULL, '2025-02-23 13:24:57', '2025-02-23 13:24:57'),
	(16, 14, 'Samuel Borges Santiago', 'yihcj42@example.com', '(22) 2564-8927', '1982-02-15', '2029-09-26', 1, '0', 'unknown', '0', 'unknown', NULL, '2025-02-23 13:25:00', '2025-02-23 13:25:00'),
	(17, 11, 'Evelyn Thaís Lacerda', 'livlq68@example.com', '(24) 3747-9565', '1975-01-25', '2028-11-14', 1, '0', 'unknown', '0', 'unknown', NULL, '2025-02-23 13:25:03', '2025-02-23 13:25:03'),
	(18, 19, 'Baek Joon Choi', 'atkog26@example.com', '(22) 6361-2267', '2013-10-14', '2029-07-18', 1, '0', 'unknown', '0', 'unknown', NULL, '2025-02-23 13:25:05', '2025-02-23 13:25:05'),
	(19, 13, 'Mariana Rafaela Duarte', 'nqcyp69@example.com', '(21) 0912-2573', '2016-06-07', '2031-09-01', 1, '0', 'unknown', '0', 'unknown', NULL, '2025-02-23 13:25:09', '2025-02-23 13:34:12'),
	(20, 20, 'Giovana Camila Tavares', 'hcxcn08@example.com', '(22) 7557-3130', '1973-06-17', '2028-01-19', 1, '0', 'unknown', '0', 'unknown', NULL, '2025-02-23 13:35:04', '2025-02-23 13:35:04'),
	(21, 8, 'Ludwig Christoph Hartmann', 'cgtto74@example.com', '(21) 5086-3999', '2018-03-03', '2030-11-08', 1, '0', 'unknown', '0', 'unknown', NULL, '2025-02-23 13:35:07', '2025-02-23 13:35:07'),
	(22, 11, 'Yong Xin Xu', 'khdfi53@example.com', '(24) 7805-1109', '2004-10-12', '2025-09-27', 0, '0', 'unknown', '0', 'unknown', NULL, '2025-02-23 20:58:29', '2025-02-23 20:58:29'),
	(23, NULL, 'Samara Tatiane Figueiredo', 'aqwrd29@example.com', '(21) 1322-7078', '2009-01-23', '2031-12-05', 1, NULL, NULL, NULL, NULL, NULL, '2025-02-23 22:21:57', '2025-02-23 22:21:57'),
	(24, NULL, 'Cecília Verônica Castro', 'msqye00@example.com', '(21) 3837-1962', '1969-10-06', '2031-09-06', 1, NULL, NULL, NULL, NULL, NULL, '2025-02-23 22:25:21', '2025-02-23 22:25:21'),
	(25, NULL, 'Brooklyn Elise Parker', 'ntvnu60@example.com', '(21) 6117-2689', '1988-06-16', '2031-03-14', 1, NULL, NULL, NULL, NULL, NULL, '2025-02-23 22:27:53', '2025-02-23 22:27:53'),
	(26, NULL, NULL, NULL, NULL, '1975-07-21', '2029-02-03', 0, '0', 'unknown', '0', 'unknown', NULL, '2025-02-23 23:18:44', '2025-02-23 23:18:44');

INSERT INTO `contatos_operadoras` (`id`, `empresa_id`, `nome`, `email`, `telefone`, `data_inicio`, `data_fim`, `created_at`, `deleted_at`, `updated_at`) VALUES
	(1, 7, 'Leandro Albuquerque Teixeira', 'pluri76@example.com', '(22) 6817-3088', '2021-01-18', '2028-02-15', '2025-02-23 22:33:46', NULL, '2025-02-23 22:33:46'),
	(2, 2, 'Chloe Isabelle Morgan', 'jgnoa98@example.com', '(24) 8679-0847', '2019-10-04', '2030-12-13', '2025-02-23 22:33:48', NULL, '2025-02-23 22:33:48'),
	(3, 12, 'Emanuel Cardoso Ferreira', 'ouhbg38@example.com', '(21) 2453-5727', '2001-08-02', '2030-01-03', '2025-02-23 22:33:51', NULL, '2025-02-23 22:35:03'),
	(4, 17, 'Jessica Gabriela Moraes', 'vifcr10@example.com', '(22) 5797-2030', '2009-07-23', '2027-01-24', '2025-02-23 22:33:55', NULL, '2025-02-23 22:33:55'),
	(5, 5, 'Lívia Tatiane Neves', 'fnvww50@example.com', '(22) 4006-9886', '1985-03-18', '2026-08-20', '2025-02-23 22:33:57', NULL, '2025-02-23 22:33:57'),
	(6, 7, 'Débora Luciana Farias', 'yztqd81@example.com', '(21) 6502-7996', '2001-02-24', '2031-06-30', '2025-02-23 22:34:00', NULL, '2025-02-23 22:34:00'),
	(7, 13, 'Charles Henry Rogers', 'ydbql09@example.com', '(22) 6924-9200', '1992-09-30', '2027-11-13', '2025-02-23 22:34:03', NULL, '2025-02-23 22:34:03'),
	(8, 20, 'In Ha Na', 'lwlrd51@example.com', '(22) 9575-1914', '1987-04-17', '2031-08-08', '2025-02-23 22:34:05', NULL, '2025-02-23 22:34:05'),
	(9, 13, 'August Ernst Becker', 'yrwdw35@example.com', '(21) 5134-3340', '1967-10-14', '2031-07-03', '2025-02-23 22:34:08', NULL, '2025-02-23 22:34:08'),
	(10, 18, 'Flávio Castro Moraes', 'xnxow44@example.com', '(22) 5713-1395', '1975-03-01', '2026-08-12', '2025-02-23 22:34:11', NULL, '2025-02-23 22:34:11'),
	(11, 15, 'Esther Marcela Souto', 'pabpq82@example.com', '(24) 4302-6734', '1979-07-11', '2027-07-11', '2025-02-23 22:34:13', NULL, '2025-02-23 22:34:13'),
	(12, 20, 'Jaqueline Cristiane Cavalcanti', 'rzqkf97@example.com', '(22) 0006-3189', '1971-11-01', '2028-09-07', '2025-02-23 22:34:16', NULL, '2025-02-23 22:34:16'),
	(13, 16, 'Armin Leopold Wagner', 'coswx90@example.com', '(21) 9847-6346', '1971-08-11', '2028-09-18', '2025-02-23 22:34:18', NULL, '2025-02-23 22:34:18'),
	(14, 15, 'Josef Maximilian Arnold', 'pbcsr85@example.com', '(22) 4718-3053', '1992-03-21', '2031-10-24', '2025-02-23 22:34:20', NULL, '2025-02-23 22:34:20'),
	(15, 5, 'Cláudio Figueiredo Santos', 'akyln76@example.com', '(21) 1140-2993', '1988-08-26', '2030-06-11', '2025-02-23 22:34:22', NULL, '2025-02-23 22:34:22'),
	(16, 19, 'Anton Wilhelm Weber', 'ivlsb76@example.com', '(22) 9634-6721', '1985-11-11', '2032-01-22', '2025-02-23 22:34:26', NULL, '2025-02-23 22:34:26'),
	(17, 2, 'Caroline Hope Stewart', 'yardh27@example.com', '(21) 9108-7541', '1972-05-18', '2031-05-23', '2025-02-23 22:34:28', NULL, '2025-02-23 22:34:28'),
	(18, 1, 'Brenda Camila Serra', 'zgybc44@example.com', '(22) 6856-9567', '1976-10-08', '2026-10-10', '2025-02-23 22:34:31', NULL, '2025-02-23 22:34:31'),
	(19, 5, 'Eleanor Marie Foster', 'glaff88@example.com', '(21) 9533-4599', '1969-03-29', '2028-12-20', '2025-02-23 22:34:33', NULL, '2025-02-23 22:34:33'),
	(20, 19, 'Jan Maurice Böhm', 'zwmep89@example.com', '(21) 8645-8330', '1989-06-02', '2029-03-21', '2025-02-23 22:34:36', NULL, '2025-02-23 22:35:25');

INSERT INTO `contrato` (`id`, `velocidade_id`, `nome`, `active`, `created_by`, `created_by_name`, `updated_by`, `updated_by_name`, `deleted_at`, `created_at`, `updated_at`) VALUES
	(1, 16, 'Erich Franz Zimmermann', 1, '0', 'unknown', '0', 'unknown', NULL, '2025-02-23 20:49:42', '2025-02-23 20:49:42'),
	(2, 7, 'Ferdinand Otto Pfeiffer', 0, '0', 'unknown', '0', 'unknown', NULL, '2025-02-23 20:49:45', '2025-02-23 20:49:45'),
	(3, 3, 'Daniel Vinzenz Bauer', 1, '0', 'unknown', '0', 'unknown', NULL, '2025-02-23 20:49:48', '2025-02-23 20:49:48'),
	(4, 4, 'Abigail Marie Thompson', 1, '0', 'unknown', '0', 'unknown', NULL, '2025-02-23 20:49:52', '2025-02-23 20:49:52'),
	(5, 15, 'Jürgen Helmut Baumann', 1, '0', 'unknown', '0', 'unknown', NULL, '2025-02-23 20:49:57', '2025-02-23 20:49:57'),
	(6, 18, 'Fabian Jakob König', 0, '0', 'unknown', '0', 'unknown', NULL, '2025-02-23 20:50:01', '2025-02-23 20:50:01'),
	(7, 19, 'Adriano Moraes Fonseca', 1, '0', 'unknown', '0', 'unknown', NULL, '2025-02-23 20:50:06', '2025-02-23 20:50:06'),
	(8, 14, 'Wei Jie Zhang', 0, '0', 'unknown', '0', 'unknown', NULL, '2025-02-23 20:50:08', '2025-02-23 20:50:08'),
	(9, 5, 'Denise Roberta Sá', 1, '0', 'unknown', '0', 'unknown', NULL, '2025-02-23 20:50:11', '2025-02-23 20:52:26'),
	(10, 18, 'Vânia Marcela Félix', 0, '0', 'unknown', '0', 'unknown', NULL, '2025-02-23 20:50:14', '2025-02-23 20:50:14'),
	(11, 14, 'Florian Markus Jäger', 1, '0', 'unknown', '0', 'unknown', NULL, '2025-02-23 20:50:18', '2025-02-23 20:52:51'),
	(12, 15, 'Eduardo Cardoso Pacheco', 1, '0', 'unknown', '0', 'unknown', NULL, '2025-02-23 20:50:32', '2025-02-23 20:50:32'),
	(13, 16, 'Daniela Tatiane Gusmão', 1, '0', 'unknown', '0', 'unknown', NULL, '2025-02-23 20:50:36', '2025-02-23 20:50:36'),
	(14, 20, 'Isabella Marie Ramirez', 1, '0', 'unknown', '0', 'unknown', NULL, '2025-02-23 20:50:39', '2025-02-23 20:52:08'),
	(15, 16, 'Alice Jane Lewis', 1, '0', 'unknown', '0', 'unknown', NULL, '2025-02-23 20:50:42', '2025-02-23 20:50:42'),
	(16, 8, 'Lucas dos Santos Almeida', 1, '0', 'unknown', '0', 'unknown', NULL, '2025-02-23 20:50:45', '2025-02-23 20:50:45'),
	(17, 15, 'Benedita Eloísa Portela', 1, '0', 'unknown', '0', 'unknown', NULL, '2025-02-23 20:50:48', '2025-02-23 20:50:48'),
	(18, 19, 'Carl Matthias Mayer', 0, '0', 'unknown', '0', 'unknown', NULL, '2025-02-23 20:50:52', '2025-02-23 20:50:52'),
	(19, 11, 'Kwang Soo Do', 1, '0', 'unknown', '0', 'unknown', NULL, '2025-02-23 20:50:57', '2025-02-23 20:50:57'),
	(20, 9, 'Benedikt Lorenz Hoffmann', 1, '0', 'unknown', '0', 'unknown', NULL, '2025-02-23 20:51:00', '2025-02-23 20:51:00'),
	(21, 4, 'Marcos Amaral Gomes', 1, '0', 'unknown', '0', 'unknown', '2025-02-23 20:54:21', '2025-02-23 20:51:03', '2025-02-23 20:54:21'),
	(22, NULL, 'Hagen Arno Brandt', 1, NULL, NULL, NULL, NULL, NULL, '2025-02-23 22:31:08', '2025-02-23 22:31:08');

INSERT INTO `empresa` (`id`, `contato_id`, `nome`, `data_inicio`, `data_fim`, `active`, `created_by`, `created_by_name`, `updated_by`, `updated_by_name`, `deleted_at`, `created_at`, `updated_at`) VALUES
	(1, 6, 'CLARO S.A.', '2004-08-04', '2026-09-26', 0, '0', 'unknown', '0', 'unknown', NULL, '2025-02-23 17:15:13', '2025-02-23 17:15:13'),
	(2, 11, 'Internet Group do Brasil', '2011-07-05', '2031-01-10', 1, '0', 'unknown', '0', 'unknown', NULL, '2025-02-23 17:17:17', '2025-02-23 17:17:17'),
	(3, 3, 'Banco Bradesco', '2017-11-20', '2026-02-25', 0, '0', 'unknown', '0', 'unknown', NULL, '2025-02-23 17:17:22', '2025-02-23 17:17:22'),
	(4, 4, 'Google Brasil', '1975-07-14', '2031-11-09', 1, '0', 'unknown', '0', 'unknown', NULL, '2025-02-23 17:17:24', '2025-02-23 17:19:39'),
	(5, 5, 'Bing Brasil', '1982-07-01', '2032-01-27', 1, '0', 'unknown', '0', 'unknown', NULL, '2025-02-23 17:17:27', '2025-02-23 17:19:56'),
	(6, 9, 'Pitango Venture Partners', '1970-06-19', '2027-01-25', 0, '0', 'unknown', '0', 'unknown', NULL, '2025-02-23 17:17:30', '2025-02-23 17:17:30'),
	(7, 4, 'VIVO S.A.', '1977-09-01', '2025-12-16', 0, '0', 'unknown', '0', 'unknown', NULL, '2025-02-23 17:17:34', '2025-02-23 17:17:34'),
	(8, 13, 'TRI TELECOM', '1998-01-07', '2029-04-10', 1, '0', 'unknown', '0', 'unknown', NULL, '2025-02-23 17:17:36', '2025-02-23 17:17:36'),
	(9, 19, 'GVT S.A.', '2007-06-15', '2031-01-22', 0, '0', 'unknown', '0', 'unknown', NULL, '2025-02-23 17:17:39', '2025-02-23 17:17:39'),
	(10, 3, 'TV Globo', '2004-10-22', '2025-05-06', 1, '0', 'unknown', '0', 'unknown', NULL, '2025-02-23 17:17:42', '2025-02-23 17:20:48'),
	(11, 12, 'NET SERVIÇOS DE COMUNICAÇÃO S.A.', '2013-12-08', '2029-09-25', 0, '0', 'unknown', '0', 'unknown', NULL, '2025-02-23 17:17:45', '2025-02-23 17:17:45'),
	(12, 14, 'Vivo Empresas', '1999-01-16', '2026-04-09', 0, '0', 'unknown', '0', 'unknown', NULL, '2025-02-23 17:17:47', '2025-02-23 17:17:47'),
	(13, 5, 'MOSAICO TECNOLOGIA AO CONSUMIDOR SA', '1981-03-15', '2026-05-13', 0, '0', 'unknown', '0', 'unknown', NULL, '2025-02-23 17:17:50', '2025-02-23 17:17:50'),
	(14, 14, 'OLX Brasil', '1989-01-17', '2025-06-15', 1, '0', 'unknown', '0', 'unknown', NULL, '2025-02-23 17:17:53', '2025-02-23 17:17:53'),
	(15, 12, 'MELIUZ SA', '2020-07-12', '2026-06-15', 1, '0', 'unknown', '0', 'unknown', NULL, '2025-02-23 17:17:55', '2025-02-23 17:17:55'),
	(16, 13, 'TIM S.A.', '1988-08-27', '2026-11-07', 0, '0', 'unknown', '0', 'unknown', NULL, '2025-02-23 17:17:58', '2025-02-23 17:17:58'),
	(17, 7, 'Santander Brasil', '1968-08-26', '2031-01-13', 0, '0', 'unknown', '0', 'unknown', NULL, '2025-02-23 17:18:01', '2025-02-23 17:20:17'),
	(18, 4, 'Star Telecomunicações', '1996-07-22', '2026-10-30', 0, '0', 'unknown', '0', 'unknown', NULL, '2025-02-23 17:18:03', '2025-02-23 17:18:03'),
	(19, 9, 'OLX Brasil', '1997-06-24', '2028-08-12', 1, '0', 'unknown', '0', 'unknown', NULL, '2025-02-23 17:18:06', '2025-02-23 17:18:06'),
	(20, 1, 'NET SERVIÇOS DE COMUNICAÇÃO S.A.', '2006-01-28', '2028-08-27', 0, '0', 'unknown', '0', 'unknown', NULL, '2025-02-23 17:18:09', '2025-02-23 18:29:38'),
	(21, 3, 'LIGUELISTA SERVIÇOS DE INTERNET LTDA', '1973-01-22', '2028-01-30', 0, '0', 'unknown', '0', 'unknown', NULL, '2025-02-23 17:18:12', '2025-02-23 17:18:12'),
	(22, NULL, NULL, NULL, NULL, 0, '0', 'unknown', '0', 'unknown', '2025-02-23 18:28:39', '2025-02-23 18:14:23', '2025-02-23 18:28:39'),
	(23, NULL, NULL, NULL, NULL, 0, '0', 'unknown', '0', 'unknown', '2025-02-23 18:28:51', '2025-02-23 18:17:10', '2025-02-23 18:28:51'),
	(24, NULL, NULL, NULL, NULL, 0, '0', 'unknown', '0', 'unknown', '2025-02-23 18:28:56', '2025-02-23 18:17:18', '2025-02-23 18:28:56'),
	(25, NULL, NULL, NULL, NULL, 0, '0', 'unknown', '0', 'unknown', '2025-02-23 18:28:59', '2025-02-23 18:17:21', '2025-02-23 18:28:59'),
	(26, NULL, NULL, NULL, NULL, 1, '0', 'unknown', '0', 'unknown', '2025-02-23 18:29:02', '2025-02-23 18:17:24', '2025-02-23 18:29:02'),
	(27, NULL, NULL, NULL, NULL, 0, '0', 'unknown', '0', 'unknown', '2025-02-23 18:29:04', '2025-02-23 18:17:27', '2025-02-23 18:29:04'),
	(28, NULL, NULL, NULL, NULL, 1, '0', 'unknown', '0', 'unknown', '2025-02-23 18:29:06', '2025-02-23 18:17:30', '2025-02-23 18:29:06'),
	(29, NULL, NULL, NULL, NULL, 0, '0', 'unknown', '0', 'unknown', '2025-02-23 18:29:11', '2025-02-23 18:17:33', '2025-02-23 18:29:11'),
	(30, NULL, NULL, NULL, NULL, 1, '0', 'unknown', '0', 'unknown', '2025-02-23 18:29:19', '2025-02-23 18:17:36', '2025-02-23 18:29:19'),
	(31, NULL, NULL, NULL, NULL, 0, '0', 'unknown', '0', 'unknown', '2025-02-23 18:29:55', '2025-02-23 18:17:39', '2025-02-23 18:29:55'),
	(32, NULL, NULL, NULL, NULL, 0, '0', 'unknown', '0', 'unknown', '2025-02-23 18:29:58', '2025-02-23 18:17:42', '2025-02-23 18:29:58'),
	(33, NULL, NULL, NULL, NULL, 0, '0', 'unknown', '0', 'unknown', '2025-02-23 18:30:00', '2025-02-23 18:17:45', '2025-02-23 18:30:00'),
	(34, NULL, NULL, NULL, NULL, 0, '0', 'unknown', '0', 'unknown', '2025-02-23 18:30:03', '2025-02-23 18:17:48', '2025-02-23 18:30:03'),
	(35, NULL, NULL, NULL, NULL, 1, '0', 'unknown', '0', 'unknown', '2025-02-23 18:28:45', '2025-02-23 18:17:51', '2025-02-23 18:28:45');


INSERT INTO `setor` (`id`, `contato_id`, `nome`, `sigla`, `endereco`, `active`, `created_by`, `created_by_name`, `updated_by`, `updated_by_name`, `deleted_at`, `created_at`, `updated_at`) VALUES
	(1, 0, 'Instituto Estadual do Ambiente', 'INEA', 'Rua Cardoso de Morais, Bonsucesso, CEP: 21061-970', 0, '0', 'unknown', '0', 'unknown', NULL, '2025-02-23 01:28:50', '2025-02-23 01:28:50'),
	(2, 0, 'Companhia Estadual de Águas e Esgotos', 'CEDAE', 'Rua Cardoso de Morais, Bonsucesso, CEP: 21061-970', 0, '0', 'unknown', '0', 'unknown', NULL, '2025-02-23 01:29:12', '2025-02-23 11:59:05'),
	(3, 0, 'Secretaria de Estado de Transportes', 'SETRANS', 'Estrada de Jacarepaguá, Anil, CEP: 22750-000', 0, '0', 'unknown', '0', 'unknown', NULL, '2025-02-23 01:29:14', '2025-02-23 01:29:14'),
	(4, 0, 'Departamento de Estradas de Rodagem do Estado do Rio de Janeiro', 'DER-RJ', 'Rua Cambaúba, Bancários, CEP: 21910-040', 1, '0', 'unknown', '0', 'unknown', NULL, '2025-02-23 01:29:17', '2025-02-23 01:29:17'),
	(5, 0, 'Secretaria de Estado de Obras', 'SEOBRAS', 'Rua Barão de Mesquita, Andaraí, CEP: 20510-061', 0, '0', 'unknown', '0', 'unknown', NULL, '2025-02-23 01:29:19', '2025-02-23 01:29:19'),
	(6, 0, 'Fundo Especial de Apoio a Programas de Proteção e Defesa do Consumidor', 'FEPROCON', 'Rua Araticum, Anchieta, CEP: 21620-150', 1, '0', 'unknown', '0', 'unknown', NULL, '2025-02-23 01:29:22', '2025-02-23 01:29:22'),
	(7, 0, 'Secretaria de Estado de Agricultura, Pecuária, Pesca e Abastecimento', 'SEAAPA', 'Rua Javatá, Barros Filho, CEP: 21512-040', 0, '0', 'unknown', '0', 'unknown', NULL, '2025-02-23 01:29:25', '2025-02-23 01:29:25'),
	(8, 0, 'Secretaria de Estado do Ambiente', 'SEA', 'Rua Pedro Calmon, Camorim, CEP: 22780-160', 1, '0', 'unknown', '0', 'unknown', NULL, '2025-02-23 01:29:27', '2025-02-23 01:29:27'),
	(9, 0, 'Fundo Especial de Apoio a Programas de Proteção e Defesa do Consumidor', 'FEPROCON', 'Rua Amado Nervo, Alto da Boa Vista, CEP: 20535-420', 1, '0', 'unknown', '0', 'unknown', NULL, '2025-02-23 01:29:30', '2025-02-23 01:29:30'),
	(10, 0, 'Secretaria de Estado de Fazenda', 'SEFAZ', 'Rua Maxwell, Andaraí, CEP: 20560-904', 0, '0', 'unknown', '0', 'unknown', NULL, '2025-02-23 01:29:33', '2025-02-23 01:29:33'),
	(11, 0, 'Secretaria de Estado do Ambiente', 'SEA', 'Avenida das Américas, Barra da Tijuca, CEP: 22611-030', 0, '0', 'unknown', '0', 'unknown', NULL, '2025-02-23 01:29:35', '2025-02-23 01:29:35'),
	(12, 0, 'Fundo Especial de Apoio a Programas de Proteção e Defesa do Consumidor', 'FEPROCON', 'Rua da Abolição, Abolição, CEP: 20756-000', 1, '0', 'unknown', '0', 'unknown', NULL, '2025-02-23 01:29:38', '2025-02-23 02:08:18'),
	(13, 0, 'Secretaria de Estado de Ciência e Tecnologia', 'SECT', 'Rua Amado Nervo, Alto da Boa Vista, CEP: 20535-420', 0, '0', 'unknown', '0', 'unknown', NULL, '2025-02-23 12:14:05', '2025-02-23 12:14:05'),
	(14, 0, 'Companhia de Desenvolvimento Industrial do Estado do Rio de Janeiro', 'CODIN', 'Rua Pio Dutra, Bancários, CEP: 21911-320', 0, '0', 'unknown', '0', 'unknown', NULL, '2025-02-23 12:14:16', '2025-02-23 12:14:16'),
	(15, 0, 'Controladoria Geral do Estado', 'CGE', 'Rua Teixeira de Azevedo, Abolição, CEP: 20750-000', 0, '0', 'unknown', '0', 'unknown', NULL, '2025-02-23 12:14:25', '2025-02-23 12:14:25'),
	(16, 0, 'Junta Comercial do Estado do Rio de Janeiro', 'JUCERJA', 'Rua Barão de Mesquita, Andaraí, CEP: 20510-061', 0, '0', 'unknown', '0', 'unknown', NULL, '2025-02-23 12:14:32', '2025-02-23 12:14:32'),
	(17, 0, 'Secretaria de Estado de Governo', 'SEGOV', 'Estrada de Jacarepaguá, Anil, CEP: 22750-000', 0, '0', 'unknown', '0', 'unknown', NULL, '2025-02-23 12:14:35', '2025-02-23 12:14:35'),
	(18, 0, 'Controladoria Geral do Estado', 'CGE', 'Rua Belisário Pena, Anchieta, CEP: 21655-770', 1, '0', 'unknown', '0', 'unknown', NULL, '2025-02-23 12:14:38', '2025-02-23 12:14:38'),
	(19, 0, 'Secretaria de Estado de Saúde e Defesa Civil', 'SESDEC', 'Rua Cachambi, Cachambi, CEP: 20770-460', 1, '0', 'unknown', '0', 'unknown', NULL, '2025-02-23 12:14:52', '2025-02-23 12:14:52'),
	(20, 0, 'Superintendência de Desportos do Estado do Rio de Janeiro', 'SUDERJ', 'Avenida Lúcio Costa, Barra da Tijuca, CEP: 22795-901', 0, '0', 'unknown', '0', 'unknown', NULL, '2025-02-23 12:14:55', '2025-02-23 12:14:55'),
	(21, 0, 'Secretaria de Estado de Educação', 'SEEDUC', 'Estrada de Jacarepaguá, Anil, CEP: 22750-000', 0, '0', 'unknown', '0', 'unknown', NULL, '2025-02-23 20:59:48', '2025-02-23 20:59:48');

INSERT INTO `user` (`id`, `name`, `cpf`, `active`, `remember_token`, `created_by`, `created_by_name`, `updated_by`, `updated_by_name`, `deleted_at`, `created_at`, `updated_at`) VALUES
	(1, 'Carine Lorena Fialho', '015.681.606-74', 1, '', '0', 'unknown', '0', 'unknown', NULL, '2025-02-23 18:23:15', '2025-02-23 18:23:15'),
	(2, 'Gerhard Manfred Schuster', '712.099.230-92', 1, '', '0', 'unknown', '0', 'unknown', NULL, '2025-02-23 18:23:17', '2025-02-23 18:23:17'),
	(3, 'Maurício Vieira Santiago', '422.968.477-06', 1, '', '0', 'unknown', '0', 'unknown', NULL, '2025-02-23 18:23:20', '2025-02-23 18:23:20'),
	(4, 'Andrew Scott Mitchell', '019.444.007-96', 1, '', '0', 'unknown', '0', 'unknown', NULL, '2025-02-23 18:23:22', '2025-02-23 18:23:22'),
	(5, 'Betina Cristiane Arruda', '224.076.236-57', 0, '', '0', 'unknown', '0', 'unknown', NULL, '2025-02-23 18:23:25', '2025-02-23 18:24:50'),
	(6, 'Amanda Lynn Nelson', '255.875.733-46', 1, '', '0', 'unknown', '0', 'unknown', NULL, '2025-02-23 18:23:31', '2025-02-23 18:23:31'),
	(7, 'Bernhard Theodor Fischer', '672.180.487-57', 1, '', '0', 'unknown', '0', 'unknown', NULL, '2025-02-23 18:23:34', '2025-02-23 18:23:34'),
	(8, 'Fabiana Juliana Teixeira', '382.829.874-50', 1, '', '0', 'unknown', '0', 'unknown', NULL, '2025-02-23 18:23:37', '2025-02-23 18:23:37'),
	(9, 'Dietrich Hartmut Scholz', '099.219.959-01', 1, '', '0', 'unknown', '0', 'unknown', NULL, '2025-02-23 18:23:41', '2025-02-23 18:23:41'),
	(10, 'Min Ji Kim', '326.786.730-49', 1, '', '0', 'unknown', '0', 'unknown', NULL, '2025-02-23 18:23:43', '2025-02-23 18:23:43'),
	(11, 'Daniel Augusto Monteiro', '869.747.387-06', 1, '', '0', 'unknown', '0', 'unknown', NULL, '2025-02-23 18:23:46', '2025-02-23 18:23:46'),
	(12, 'Lucas dos Santos Almeida', '478.863.126-19', 0, '', '0', 'unknown', '0', 'unknown', NULL, '2025-02-23 18:23:49', '2025-02-23 18:23:49'),
	(13, 'Manuel Gustav Schütz', '620.893.602-08', 0, '', '0', 'unknown', '0', 'unknown', NULL, '2025-02-23 18:23:51', '2025-02-23 18:26:32'),
	(14, 'Hugo Neves Almeida', '377.047.060-55', 0, '', '0', 'unknown', '0', 'unknown', NULL, '2025-02-23 18:23:53', '2025-02-23 18:25:37'),
	(15, 'Isaac Caleb Stephens', '981.971.242-48', 1, '', '0', 'unknown', '0', 'unknown', NULL, '2025-02-23 18:24:09', '2025-02-23 18:24:09'),
	(16, 'Nelson Cardoso Andrade', '228.428.724-79', 0, '', '0', 'unknown', '0', 'unknown', NULL, '2025-02-23 18:24:13', '2025-02-23 18:24:13'),
	(17, 'Bernhard Theodor Fischer', '488.187.140-40', 0, '', '0', 'unknown', '0', 'unknown', NULL, '2025-02-23 18:24:15', '2025-02-23 18:24:15'),
	(18, 'Cristiane Helena Lopes', '513.839.824-57', 0, '', '0', 'unknown', '0', 'unknown', NULL, '2025-02-23 18:24:18', '2025-02-23 18:26:13'),
	(19, 'Chloe Isabelle Morgan', '563.365.053-08', 1, '', '0', 'unknown', '0', 'unknown', NULL, '2025-02-23 18:24:21', '2025-02-23 18:24:21'),
	(20, 'Konrad Lukas Scholz', '946.414.697-41', 0, '', '0', 'unknown', '0', 'unknown', NULL, '2025-02-23 18:24:24', '2025-02-23 18:24:24'),
	(21, '', '', 1, NULL, '0', 'unknown', '0', 'unknown', NULL, '2025-02-23 19:32:12', '2025-02-23 19:32:12');

INSERT INTO `velocidade` (`id`, `empresa_id`, `tipo_servico`, `velocidade`, `link`, `estoque`, `custo_unitario`, `active`, `created_by`, `created_by_name`, `updated_by`, `updated_by_name`, `deleted_at`, `created_at`, `updated_at`) VALUES
	(1, 1, 'Lote 1 MPLS', '4000', 'Crítico', 5, 5399.99, 1, '3', 'Artur', '7', 'Carla Basso', NULL, '2024-07-03 13:14:17', '2024-08-08 16:42:06'),
	(2, 1, 'Lote 1 MPLS', '2000', 'Crítico', 5, 4649.99, 1, '3', 'Artur', NULL, NULL, NULL, '2024-07-04 11:52:57', '2024-07-04 11:52:57'),
	(3, 1, 'Lote 1 MPLS', '2000', 'Básico', 5, 4649.99, 1, '3', 'Artur', NULL, NULL, NULL, '2024-07-04 11:53:39', '2024-07-04 11:53:39'),
	(4, 1, 'Lote 1 MPLS', '200', 'Crítico', 5, 3499.97, 1, '3', 'Artur', NULL, NULL, NULL, '2024-07-05 13:54:20', '2024-07-05 13:54:20'),
	(5, 1, 'Lote 1 MPLS', '100', 'Crítico', 10, 1500.00, 1, '3', 'Artur', NULL, NULL, '2024-07-05 15:18:07', '2024-07-05 15:17:10', '2024-07-05 15:18:07'),
	(6, 1, 'Lote 2 IP', '2000', 'Crítico', 4, 41637.75, 1, '7', 'Carla Basso', NULL, NULL, NULL, '2024-07-05 16:27:01', '2024-07-05 16:27:01'),
	(7, 1, 'Lote 2 IP', '2000', 'Básico', 2, 48792.59, 1, '7', 'Carla Basso', NULL, NULL, NULL, '2024-07-05 16:27:42', '2024-07-05 16:27:42'),
	(8, 1, 'Lote 2 IP', '100', 'Crítico', 1, 5934.11, 1, '7', 'Carla Basso', NULL, NULL, NULL, '2024-07-05 16:28:48', '2024-07-05 16:28:48'),
	(9, 1, 'Lote 2 IP', '100', 'Básico', 1, 5934.11, 1, '7', 'Carla Basso', NULL, NULL, NULL, '2024-07-05 16:29:41', '2024-07-05 16:29:41'),
	(10, 1, 'Lote 1 MPLS', '10', 'Crítico', 45, 1011.00, 1, '7', 'Carla Basso', NULL, NULL, NULL, '2024-07-05 17:07:12', '2024-07-05 17:07:12'),
	(11, 1, 'Lote 1 MPLS', '10', 'Básico', 40, 982.00, 1, '7', 'Carla Basso', NULL, NULL, NULL, '2024-07-08 10:35:11', '2024-07-08 10:35:11'),
	(12, 1, 'Lote 1 MPLS', '20', 'Crítico', 5, 2749.98, 1, '7', 'Carla Basso', NULL, NULL, NULL, '2024-07-08 10:36:18', '2024-07-08 10:36:18'),
	(13, 1, 'Lote 1 MPLS', '20', 'Básico', 5, 2749.98, 1, '7', 'Carla Basso', NULL, NULL, NULL, '2024-07-08 10:36:59', '2024-07-08 10:36:59'),
	(14, 1, 'Lote 1 MPLS', '30', 'Crítico', 15, 1300.00, 1, '7', 'Carla Basso', NULL, NULL, NULL, '2024-07-08 10:37:49', '2024-07-08 10:37:49'),
	(15, 1, 'Lote 1 MPLS', '30', 'Básico', 5, 2699.73, 1, '7', 'Carla Basso', NULL, NULL, NULL, '2024-07-08 10:38:26', '2024-07-08 10:38:26'),
	(16, 1, 'Lote 1 MPLS', '50', 'Crítico', 1, 2750.00, 1, '7', 'Carla Basso', NULL, NULL, NULL, '2024-07-08 10:40:26', '2024-07-08 10:40:26'),
	(17, 1, 'Lote 1 MPLS', '50', 'Básico', 20, 2750.00, 1, '7', 'Carla Basso', NULL, NULL, NULL, '2024-07-08 10:42:49', '2024-07-08 10:42:49'),
	(18, 1, 'Lote 1 MPLS', '100', 'Crítico', 6, 2370.00, 1, '7', 'Carla Basso', NULL, NULL, NULL, '2024-07-08 10:51:18', '2024-07-08 10:51:18'),
	(19, 1, 'Lote 1 MPLS', '100', 'Básico', 1, 2370.00, 1, '7', 'Carla Basso', NULL, NULL, NULL, '2024-07-08 10:52:03', '2024-07-08 10:52:03'),
	(20, 1, 'Lote 1 MPLS', '200', 'Básico', 1, 3499.97, 1, '7', 'Carla Basso', NULL, NULL, NULL, '2024-07-08 10:54:33', '2024-07-08 10:54:33'),
	(21, 1, 'Lote 1 MPLS', '500', 'Básico', 3, 3700.00, 1, '7', 'Carla Basso', NULL, NULL, NULL, '2024-07-08 10:55:27', '2024-07-08 10:55:27'),
	(22, 1, 'Lote 1 MPLS', '500', 'Crítico', 12, 3700.00, 1, '7', 'Carla Basso', '7', 'Carla Basso', NULL, '2024-07-08 10:56:13', '2024-09-23 15:26:05'),
	(23, 1, 'Lote 1 MPLS', '1000', 'Crítico', 5, 3899.95, 1, '7', 'Carla Basso', NULL, NULL, NULL, '2024-07-08 10:57:00', '2024-07-08 10:57:00'),
	(24, 1, 'Lote 1 MPLS', '1000', 'Básico', 5, 3899.95, 1, '7', 'Carla Basso', NULL, NULL, NULL, '2024-07-08 10:57:35', '2024-07-08 10:57:35'),
	(25, 1, 'Lote 1 MPLS', '4000', 'Básico', 5, 5399.99, 1, '7', 'Carla Basso', NULL, NULL, NULL, '2024-07-08 10:58:15', '2024-07-08 10:58:15'),
	(26, 1, 'Lote 2 IP', '10', 'Crítico', 1, 2953.78, 1, '7', 'Carla Basso', NULL, NULL, NULL, '2024-07-08 11:08:59', '2024-07-08 11:08:59'),
	(27, 1, 'Lote 2 IP', '10', 'Básico', 1, 2953.78, 1, '7', 'Carla Basso', NULL, NULL, NULL, '2024-07-08 11:09:24', '2024-07-08 11:09:24'),
	(28, 1, 'Lote 2 IP', '30', 'Crítico', 1, 5235.23, 1, '7', 'Carla Basso', NULL, NULL, NULL, '2024-07-08 11:10:10', '2024-07-08 11:10:10'),
	(29, 1, 'Lote 2 IP', '30', 'Básico', 1, 4923.38, 1, '7', 'Carla Basso', NULL, NULL, NULL, '2024-07-08 11:10:45', '2024-07-08 11:10:45'),
	(30, 1, 'Lote 2 IP', '50', 'Crítico', 1, 5770.61, 1, '7', 'Carla Basso', NULL, NULL, NULL, '2024-07-08 11:11:31', '2024-07-08 11:11:31'),
	(31, 1, 'Lote 2 IP', '50', 'Básico', 1, 5770.61, 1, '7', 'Carla Basso', NULL, NULL, NULL, '2024-07-08 11:11:48', '2024-07-08 11:11:48'),
	(32, 1, 'Lote 2 IP', '200', 'Crítico', 1, 14440.58, 1, '7', 'Carla Basso', NULL, NULL, NULL, '2024-07-08 11:12:23', '2024-07-08 11:12:23'),
	(33, 1, 'Lote 2 IP', '200', 'Básico', 1, 11644.71, 1, '7', 'Carla Basso', NULL, NULL, NULL, '2024-07-08 11:12:58', '2024-07-08 11:12:58'),
	(34, 1, 'Lote 2 IP', '500', 'Crítico', 1, 21681.66, 1, '7', 'Carla Basso', NULL, NULL, NULL, '2024-07-08 11:13:32', '2024-07-08 11:13:32'),
	(35, 1, 'Lote 2 IP', '500', 'Básico', 1, 19436.34, 1, '7', 'Carla Basso', NULL, NULL, NULL, '2024-07-08 11:14:00', '2024-07-08 11:14:00'),
	(36, 1, 'Lote 2 IP', '1000', 'Crítico', 1, 33157.74, 1, '7', 'Carla Basso', NULL, NULL, '2024-07-08 11:15:14', '2024-07-08 11:14:37', '2024-07-08 11:15:14'),
	(37, 1, 'Lote 2 IP', '1000', 'Crítico', 4, 33157.74, 1, '7', 'Carla Basso', NULL, NULL, NULL, '2024-07-08 11:15:35', '2024-07-08 11:15:35'),
	(38, 1, 'Lote 2 IP', '1000', 'Básico', 4, 27496.70, 1, '7', 'Carla Basso', NULL, NULL, NULL, '2024-07-08 11:16:11', '2024-07-08 11:16:11'),
	(39, 9, 'Lote 2 IP', '50', 'Crítico', 28, 1300.00, 1, '0', 'unknown', '0', 'unknown', '2025-02-23 20:01:27', '2025-02-23 19:55:01', '2025-02-23 20:01:27');

/*!40103 SET TIME_ZONE=IFNULL(@OLD_TIME_ZONE, 'system') */;
/*!40101 SET SQL_MODE=IFNULL(@OLD_SQL_MODE, '') */;
/*!40014 SET FOREIGN_KEY_CHECKS=IFNULL(@OLD_FOREIGN_KEY_CHECKS, 1) */;
/*!40101 SET CHARACTER_SET_CLIENT=@OLD_CHARACTER_SET_CLIENT */;
/*!40111 SET SQL_NOTES=IFNULL(@OLD_SQL_NOTES, 1) */;
